,name,mKate_mean,mKate_std,sum_ratio,sum_ratio_std,E,M,code,expression,sequence,c1c2_fraction,cschrimson_fraction,cheriff_fraction
0,c5,0.001911552,0.000756503,1.189340936,0.039077073,12,9,1110111111,1,RMLFQTSYTLENNGSVICIPNNGQCFCLAWLKSNGTNAEKLAANILQWITFALSALCLMFYGYQTWKSTCGWEEIYVATIEMIKFIIEYFHEFDSPAMLFLYGGNITPWLRYAEWLLTCPVILIHLSNLTGLANDYNKRTMGLLVSDIGTIVWGTTAALSKGYVRVIFFLMGLCYGIYTFFNAAKVYIEAYHTVPKGRCRQVVTGMAWLFFVSWGMFPILFILGPEGFGVLSVYGSTVGHTIIDLMSKNCWGLLGHYLRVLIHEHILIHGDIRKTTKLNIGGTEIEVETLVEDE,0.506802721088,0.969387755102,0.517006802721
1,c13,,,,,8,25,1121111111,-1,RMLFQTSYTLENNGSVICIPNNGQCFCLAWLKSNGTNAEKLAANILQWIAFSIAIALLTFYGFSAWKATCGWEEVYVCCVEVLFVTLEIFKEFSEPAVIYSSNGNKTVWLRYAEWLLTCPVILIHLSNLTGLANDYNKRTMGLLVSDIGTIVWGTTAALSKGYVRVIFFLMGLCYGIYTFFNAAKVYIEAYHTVPKGRCRQVVTGMAWLFFVSWGMFPILFILGPEGFGVLSVYGSTVGHTIIDLMSKNCWGLLGHYLRVLIHEHILIHGDIRKTTKLNIGGTEIEVETLVEDE,0.591836734694,0.914965986395,0.493197278912
2,c14,0.004023394,0.00072438,0.342813908,0.152348007,9,10,1112111111,1,RMLFQTSYTLENNGSVICIPNNGQCFCLAWLKSNGTNAEKLAANILQWITFALSALCLMFYGYQTWKSTCGWEEIYVATIEMIKFIIEYFHEFDSPATVYLSTGNHAYCLRYFEWLLTCPVILIHLSNLTGLANDYNKRTMGLLVSDIGTIVWGTTAALSKGYVRVIFFLMGLCYGIYTFFNAAKVYIEAYHTVPKGRCRQVVTGMAWLFFVSWGMFPILFILGPEGFGVLSVYGSTVGHTIIDLMSKNCWGLLGHYLRVLIHEHILIHGDIRKTTKLNIGGTEIEVETLVEDE,0.540816326531,0.965986394558,0.482993197279
3,c15,0.003015043,0.000770658,0.339468622,0.040956416,6,6,1111211111,1,RMLFQTSYTLENNGSVICIPNNGQCFCLAWLKSNGTNAEKLAANILQWITFALSALCLMFYGYQTWKSTCGWEEIYVATIEMIKFIIEYFHEFDEPAVIYSSNGNKTVWLRYAEWLLSCPVILIRLSNLSGLKNDYSKRTMGLIVSDIGTIVWGTTAALSKGYVRVIFFLMGLCYGIYTFFNAAKVYIEAYHTVPKGRCRQVVTGMAWLFFVSWGMFPILFILGPEGFGVLSVYGSTVGHTIIDLMSKNCWGLLGHYLRVLIHEHILIHGDIRKTTKLNIGGTEIEVETLVEDE,0.527210884354,0.979591836735,0.469387755102
4,c16,0.004295276,0.000796934,0.67571596,0.002219946,8,28,1111121111,1,RMLFQTSYTLENNGSVICIPNNGQCFCLAWLKSNGTNAEKLAANILQWITFALSALCLMFYGYQTWKSTCGWEEIYVATIEMIKFIIEYFHEFDEPAVIYSSNGNKTVWLRYAEWLLTCPVILIHLSNLTGLANDYNKRTMGLLVSCVGMIVFGMAAGLATDWLKWLLYIVSCIYGGYMYFQAAKCYVEAYHTVPKGRCRQVVTGMAWLFFVSWGMFPILFILGPEGFGVLSVYGSTVGHTIIDLMSKNCWGLLGHYLRVLIHEHILIHGDIRKTTKLNIGGTEIEVETLVEDE,0.602040816327,0.904761904762,0.472789115646
5,c19,0.001711909,0.000559689,0.715043288,0.399971146,22,18,1111111121,1,RMLFQTSYTLENNGSVICIPNNGQCFCLAWLKSNGTNAEKLAANILQWITFALSALCLMFYGYQTWKSTCGWEEIYVATIEMIKFIIEYFHEFDEPAVIYSSNGNKTVWLRYAEWLLTCPVILIHLSNLTGLANDYNKRTMGLLVSDIGTIVWGTTAALSKGYVRVIFFLMGLCYGIYTFFNAAKVYIEAYHTVPKGRCRQVVTGMAWLFFVSWGMFPILFILGPEGFGVLSPYANSIGHSICDIIAKEFWTFLAHHLRIKIHEHILIHGDIRKTTKLNIGGTEIEVETLVEDE,0.568027210884,0.938775510204,0.459183673469
6,c20,0.005130877,0.001059103,0.538019423,0.086331327,2,7,1111111112,1,RMLFQTSYTLENNGSVICIPNNGQCFCLAWLKSNGTNAEKLAANILQWITFALSALCLMFYGYQTWKSTCGWEEIYVATIEMIKFIIEYFHEFDEPAVIYSSNGNKTVWLRYAEWLLTCPVILIHLSNLTGLANDYNKRTMGLLVSDIGTIVWGTTAALSKGYVRVIFFLMGLCYGIYTFFNAAKVYIEAYHTVPKGRCRQVVTGMAWLFFVSWGMFPILFILGPEGFGVLSVYGSTVGHTIIDLMSKNCWGLLGHYLRVLIHEHILIHGDIRKTTKMEIGGEEVEVEEFVEEE,0.530612244898,0.97619047619,0.496598639456
7,c21,0.000393187,0.0,1.022336904,0.0,24,70,1112221221,1,RMLFQTSYTLENNGSVICIPNNGQCFCLAWLKSNGTNAEKLAANILQWITFALSALCLMFYGYQTWKSTCGWEEIYVATIEMIKFIIEYFHEFDSPATVYLSTGNHAYCLRYFEWLLSCPVILIRLSNLSGLKNDYSKRTMGLIVSCVGMIVFGMAAGLATDWLKWLLYIVSCIYGGYMYFQAAKCYVEAYHTVPKGRCRQVVTGMAWLFFVSWGSYPILWAVGPEGLLKLSPYANSIGHSICDIIAKEFWTFLAHHLRIKIHEHILIHGDIRKTTKLNIGGTEIEVETLVEDE,0.744897959184,0.761904761905,0.41156462585
8,c24,,,,,33,81,1011022210,-1,RMLFQTSYTLENNGSVICIPNNGQCFCLAWLKSNGALWEQETARGFQWFTFALSALCLMFYGYQTWKSTCGWEEIYVATIEMIKFIIEYFHEFDEPAVIYSSNGNKTVWLRYAEWLLTCPVILIHLSNITGLSEAYNKRTMALLVSCVGMIVFGMAAGLATDWLKWLLYIVSCIYGGYMYFQAAKCYVEANHSVPKGHCRMVVKLMAYAYFASWGSYPILWAVGPEGLLKLSVYGSTVGHTIIDLMSKNCWGLLGHYLRVLIHEHIIMYGDIRRPVSSQFLGRKVDVLAFVTEE,0.605442176871,0.724489795918,0.578231292517
9,c25,,,,,40,88,1201120122,-1,RMLFQTSYTLENNGSVICIPNNGQCFCLAWLKSNGTPGEKIGAQVCQWIAVFLSALFLAFYGWHAYKASVGWEEVYVCSVELIKVILEIYFEFTEPAVIYSSNGNKTVWLRYAEWLLTCPVILIHLSNLTGLANDYNKRTMGLLVSCVGMIVFGMAAGLATDWLKWLLYIVSCIYGGYMYFQAAKCYVESYYIMPAGGCKKLVLAMTAVYYSSWGMFPILFILGPEGFGVLSPYANSIGHSICDIIAKEFWTFLAHHLRIKIHEHILIHGDIRKTTKMEIGGEEVEVEEFVEEE,0.700680272109,0.659863945578,0.591836734694
10,c28,0.000968647,0.0,2.011778328,0.0,32,85,1222121000,1,RMLFQTSYTLENNGSVICIPNNGQCFCLAWLKSNGTPGEKIGAQVCQWIAFSIAIALLTFYGFSAWKATCGWEEVYVCCVEVLFVTLEIFKEFSSPATVYLSTGNHAYCLRYFEWLLTCPVILIHLSNLTGLANDYNKRTMGLLVSCVGMIVFGMAAGLATDWLKWLLYIVSCIYGGYMYFQAAKCYVEAYHTVPKGRCRQVVTGMAWLFFVSWLMFPGLFIFGPEGMHTLSVAGSTIGHTIADLLSKNIWGLLGHFLRIKIHEHIIMYGDIRRPVSSQFLGRKVDVLAFVTEE,0.710884353741,0.646258503401,0.591836734694
11,c30,0.000660853,0.0,1.01102426,0.0,13,38,1102011111,1,RMLFQTSYTLENNGSVICIPNNGQCFCLAWLKSNGTNAEKLAANILQWIAVFLSALFLAFYGWHAYKASVGWEEVYVCSVELIKVILEIYFEFTSPATVYLSTGNHAYCLRYFEWLLTCPVILIHLSNITGLSEAYNKRTMALLVSDIGTIVWGTTAALSKGYVRVIFFLMGLCYGIYTFFNAAKVYIEAYHTVPKGRCRQVVTGMAWLFFVSWGMFPILFILGPEGFGVLSVYGSTVGHTIIDLMSKNCWGLLGHYLRVLIHEHILIHGDIRKTTKLNIGGTEIEVETLVEDE,0.540816326531,0.87074829932,0.578231292517
12,c31,,,,,37,70,1120022021,-1,RMLFQTSYTLENNGSVICIPNNGQCFCLAWLKSNGTNAEKLAANILQWIAFSIAIALLTFYGFSAWKATCGWEEVYVCCVEVLFVTLEIFKEFSSPAMLFLYGGNITPWLRYAEWLLTCPVILIHLSNITGLSEAYNKRTMALLVSCVGMIVFGMAAGLATDWLKWLLYIVSCIYGGYMYFQAAKCYVEANHSVPKGHCRMVVKLMAYAYFASWLMFPGLFIFGPEGMHTLSPYANSIGHSICDIIAKEFWTFLAHHLRIKIHEHILIHGDIRKTTKLNIGGTEIEVETLVEDE,0.761904761905,0.656462585034,0.520408163265
13,c32,0.005301712,0.0,0.289824306,0.0,19,81,1221001222,1,RMLFQTSYTLENNGSVICIPNNGQCFCLAWLKSNGTPGEKIGAQVCQWIAFSIAIALLTFYGFSAWKATCGWEEVYVCCVEVLFVTLEIFKEFSEPAVIYSSNGNKTVWLRYAEWLLTCPVILIHLSNITGLSEAYNKRTMALLVSDLGTICMGVTAALATGWVKWLFYCIGLVYGTQTFYNAGIIYVEAYHTVPKGRCRQVVTGMAWLFFVSWGSYPILWAVGPEGLLKLSPYANSIGHSICDIIAKEFWTFLAHHLRIKIHEHILIHGDIRKTTKMEIGGEEVEVEEFVEEE,0.724489795918,0.690476190476,0.551020408163
14,c35,0.000650184,0.0,0.887837798,0.0,24,96,1002202201,1,RMLFQTSYTLENNGSVICIPNNGQCFCLAWLKSNGALWEQETARGFQWFAVFLSALFLAFYGWHAYKASVGWEEVYVCSVELIKVILEIYFEFTSPATVYLSTGNHAYCLRYFEWLLSCPVILIRLSNLSGLKNDYSKRTMGLIVSDLGTICMGVTAALATGWVKWLFYCIGLVYGTQTFYNAGIIYVEANHSVPKGHCRMVVKLMAYAYFASWGSYPILWAVGPEGLLKLSVAGSTIGHTIADLLSKNIWGLLGHFLRIKIHEHILIHGDIRKTTKLNIGGTEIEVETLVEDE,0.642857142857,0.673469387755,0.663265306122
15,c37,,,,,6,23,0010000000,-1,EYHAPAGYQVNPPYHPVHGYE---EQCSSIYIYYGALWEQETARGFQWFTFALSALCLMFYGYQTWKSTCGWEEIYVATIEMIKFIIEYFHEFDSPAMLFLYGGNITPWLRYAEWLLTCPVILIHLSNITGLSEAYNKRTMALLVSDLGTICMGVTAALATGWVKWLFYCIGLVYGTQTFYNAGIIYVESYYIMPAGGCKKLVLAMTAVYYSSWLMFPGLFIFGPEGMHTLSVAGSTIGHTIADLLSKNIWGLLGHFLRIKIHEHIIMYGDIRRPVSSQFLGRKVDVLAFVTEE,0.438775510204,0.56462585034,0.921768707483
16,c39,0.000732794,0.0,2.16785742,0.0,2,5,0000100000,1,EYHAPAGYQVNPPYHPVHGYE---EQCSSIYIYYGALWEQETARGFQWFAVFLSALFLAFYGWHAYKASVGWEEVYVCSVELIKVILEIYFEFTSPAMLFLYGGNITPWLRYAEWLLTCPVILIHLSNLTGLANDYNKRTMGLLVSDLGTICMGVTAALATGWVKWLFYCIGLVYGTQTFYNAGIIYVESYYIMPAGGCKKLVLAMTAVYYSSWLMFPGLFIFGPEGMHTLSVAGSTIGHTIADLLSKNIWGLLGHFLRIKIHEHIIMYGDIRRPVSSQFLGRKVDVLAFVTEE,0.465986394558,0.503401360544,0.982993197279
17,c40,0.000502425,0.0,1.190462208,0.0,7,21,0000010000,1,EYHAPAGYQVNPPYHPVHGYE---EQCSSIYIYYGALWEQETARGFQWFAVFLSALFLAFYGWHAYKASVGWEEVYVCSVELIKVILEIYFEFTSPAMLFLYGGNITPWLRYAEWLLTCPVILIHLSNITGLSEAYNKRTMALLVSDIGTIVWGTTAALSKGYVRVIFFLMGLCYGIYTFFNAAKVYIESYYIMPAGGCKKLVLAMTAVYYSSWLMFPGLFIFGPEGMHTLSVAGSTIGHTIADLLSKNIWGLLGHFLRIKIHEHIIMYGDIRRPVSSQFLGRKVDVLAFVTEE,0.442176870748,0.557823129252,0.928571428571
18,c41,0.000988609,0.0,1.45872705,0.0,19,17,0000001000,1,EYHAPAGYQVNPPYHPVHGYE---EQCSSIYIYYGALWEQETARGFQWFAVFLSALFLAFYGWHAYKASVGWEEVYVCSVELIKVILEIYFEFTSPAMLFLYGGNITPWLRYAEWLLTCPVILIHLSNITGLSEAYNKRTMALLVSDLGTICMGVTAALATGWVKWLFYCIGLVYGTQTFYNAGIIYVEAYHTVPKGRCRQVVTGMAWLFFVSWLMFPGLFIFGPEGMHTLSVAGSTIGHTIADLLSKNIWGLLGHFLRIKIHEHIIMYGDIRRPVSSQFLGRKVDVLAFVTEE,0.47619047619,0.544217687075,0.942176870748
19,c42,0.000965562,1.98e-06,2.290323981,0.143086982,2,6,0000000100,1,EYHAPAGYQVNPPYHPVHGYE---EQCSSIYIYYGALWEQETARGFQWFAVFLSALFLAFYGWHAYKASVGWEEVYVCSVELIKVILEIYFEFTSPAMLFLYGGNITPWLRYAEWLLTCPVILIHLSNITGLSEAYNKRTMALLVSDLGTICMGVTAALATGWVKWLFYCIGLVYGTQTFYNAGIIYVESYYIMPAGGCKKLVLAMTAVYYSSWGMFPILFILGPEGFGVLSVAGSTIGHTIADLLSKNIWGLLGHFLRIKIHEHIIMYGDIRRPVSSQFLGRKVDVLAFVTEE,0.459183673469,0.506802721088,0.979591836735
20,c43,,,,,11,8,0000000010,-1,EYHAPAGYQVNPPYHPVHGYE---EQCSSIYIYYGALWEQETARGFQWFAVFLSALFLAFYGWHAYKASVGWEEVYVCSVELIKVILEIYFEFTSPAMLFLYGGNITPWLRYAEWLLTCPVILIHLSNITGLSEAYNKRTMALLVSDLGTICMGVTAALATGWVKWLFYCIGLVYGTQTFYNAGIIYVESYYIMPAGGCKKLVLAMTAVYYSSWLMFPGLFIFGPEGMHTLSVYGSTVGHTIIDLMSKNCWGLLGHYLRVLIHEHIIMYGDIRRPVSSQFLGRKVDVLAFVTEE,0.445578231293,0.513605442177,0.972789115646
21,c44,0.000510923,0.0,1.359588288,0.0,9,20,0000000001,1,EYHAPAGYQVNPPYHPVHGYE---EQCSSIYIYYGALWEQETARGFQWFAVFLSALFLAFYGWHAYKASVGWEEVYVCSVELIKVILEIYFEFTSPAMLFLYGGNITPWLRYAEWLLTCPVILIHLSNITGLSEAYNKRTMALLVSDLGTICMGVTAALATGWVKWLFYCIGLVYGTQTFYNAGIIYVESYYIMPAGGCKKLVLAMTAVYYSSWLMFPGLFIFGPEGMHTLSVAGSTIGHTIADLLSKNIWGLLGHFLRIKIHEHILIHGDIRKTTKLNIGGTEIEVETLVEDE,0.486394557823,0.554421768707,0.931972789116
22,c46,0.000727523,0.0,1.041948017,0.0,6,10,0200000000,1,EYHAPAGYQVNPPYHPVHGYE---EQCSSIYIYYGTPGEKIGAQVCQWIAVFLSALFLAFYGWHAYKASVGWEEVYVCSVELIKVILEIYFEFTSPAMLFLYGGNITPWLRYAEWLLTCPVILIHLSNITGLSEAYNKRTMALLVSDLGTICMGVTAALATGWVKWLFYCIGLVYGTQTFYNAGIIYVESYYIMPAGGCKKLVLAMTAVYYSSWLMFPGLFIFGPEGMHTLSVAGSTIGHTIADLLSKNIWGLLGHFLRIKIHEHIIMYGDIRRPVSSQFLGRKVDVLAFVTEE,0.486394557823,0.496598639456,0.965986394558
23,c47,,,,,9,21,0020000000,-1,EYHAPAGYQVNPPYHPVHGYE---EQCSSIYIYYGALWEQETARGFQWFAFSIAIALLTFYGFSAWKATCGWEEVYVCCVEVLFVTLEIFKEFSSPAMLFLYGGNITPWLRYAEWLLTCPVILIHLSNITGLSEAYNKRTMALLVSDLGTICMGVTAALATGWVKWLFYCIGLVYGTQTFYNAGIIYVESYYIMPAGGCKKLVLAMTAVYYSSWLMFPGLFIFGPEGMHTLSVAGSTIGHTIADLLSKNIWGLLGHFLRIKIHEHIIMYGDIRRPVSSQFLGRKVDVLAFVTEE,0.52380952381,0.479591836735,0.928571428571
24,c48,0.000789557,0.000141196,1.726616327,0.36036656,12,10,0002000000,1,EYHAPAGYQVNPPYHPVHGYE---EQCSSIYIYYGALWEQETARGFQWFAVFLSALFLAFYGWHAYKASVGWEEVYVCSVELIKVILEIYFEFTSPATVYLSTGNHAYCLRYFEWLLTCPVILIHLSNITGLSEAYNKRTMALLVSDLGTICMGVTAALATGWVKWLFYCIGLVYGTQTFYNAGIIYVESYYIMPAGGCKKLVLAMTAVYYSSWLMFPGLFIFGPEGMHTLSVAGSTIGHTIADLLSKNIWGLLGHFLRIKIHEHIIMYGDIRRPVSSQFLGRKVDVLAFVTEE,0.486394557823,0.482993197279,0.965986394558
25,c49,0.001094473,9.54e-05,1.973742705,0.005458743,8,10,0000200000,1,EYHAPAGYQVNPPYHPVHGYE---EQCSSIYIYYGALWEQETARGFQWFAVFLSALFLAFYGWHAYKASVGWEEVYVCSVELIKVILEIYFEFTSPAMLFLYGGNITPWLRYAEWLLSCPVILIRLSNLSGLKNDYSKRTMGLIVSDLGTICMGVTAALATGWVKWLFYCIGLVYGTQTFYNAGIIYVESYYIMPAGGCKKLVLAMTAVYYSSWLMFPGLFIFGPEGMHTLSVAGSTIGHTIADLLSKNIWGLLGHFLRIKIHEHIIMYGDIRRPVSSQFLGRKVDVLAFVTEE,0.486394557823,0.482993197279,0.965986394558
26,c50,,,,,12,25,0000020000,-1,EYHAPAGYQVNPPYHPVHGYE---EQCSSIYIYYGALWEQETARGFQWFAVFLSALFLAFYGWHAYKASVGWEEVYVCSVELIKVILEIYFEFTSPAMLFLYGGNITPWLRYAEWLLTCPVILIHLSNITGLSEAYNKRTMALLVSCVGMIVFGMAAGLATDWLKWLLYIVSCIYGGYMYFQAAKCYVESYYIMPAGGCKKLVLAMTAVYYSSWLMFPGLFIFGPEGMHTLSVAGSTIGHTIADLLSKNIWGLLGHFLRIKIHEHIIMYGDIRRPVSSQFLGRKVDVLAFVTEE,0.537414965986,0.462585034014,0.914965986395
27,c51,,,,,18,17,0000002000,-1,EYHAPAGYQVNPPYHPVHGYE---EQCSSIYIYYGALWEQETARGFQWFAVFLSALFLAFYGWHAYKASVGWEEVYVCSVELIKVILEIYFEFTSPAMLFLYGGNITPWLRYAEWLLTCPVILIHLSNITGLSEAYNKRTMALLVSDLGTICMGVTAALATGWVKWLFYCIGLVYGTQTFYNAGIIYVEANHSVPKGHCRMVVKLMAYAYFASWLMFPGLFIFGPEGMHTLSVAGSTIGHTIADLLSKNIWGLLGHFLRIKIHEHIIMYGDIRRPVSSQFLGRKVDVLAFVTEE,0.510204081633,0.510204081633,0.942176870748
28,c52,0.000843577,1.19e-05,2.173648087,0.196505236,7,10,0000000200,1,EYHAPAGYQVNPPYHPVHGYE---EQCSSIYIYYGALWEQETARGFQWFAVFLSALFLAFYGWHAYKASVGWEEVYVCSVELIKVILEIYFEFTSPAMLFLYGGNITPWLRYAEWLLTCPVILIHLSNITGLSEAYNKRTMALLVSDLGTICMGVTAALATGWVKWLFYCIGLVYGTQTFYNAGIIYVESYYIMPAGGCKKLVLAMTAVYYSSWGSYPILWAVGPEGLLKLSVAGSTIGHTIADLLSKNIWGLLGHFLRIKIHEHIIMYGDIRRPVSSQFLGRKVDVLAFVTEE,0.486394557823,0.479591836735,0.965986394558
29,c53,,,,,22,16,0000000020,-1,EYHAPAGYQVNPPYHPVHGYE---EQCSSIYIYYGALWEQETARGFQWFAVFLSALFLAFYGWHAYKASVGWEEVYVCSVELIKVILEIYFEFTSPAMLFLYGGNITPWLRYAEWLLTCPVILIHLSNITGLSEAYNKRTMALLVSDLGTICMGVTAALATGWVKWLFYCIGLVYGTQTFYNAGIIYVESYYIMPAGGCKKLVLAMTAVYYSSWLMFPGLFIFGPEGMHTLSPYANSIGHSICDIIAKEFWTFLAHHLRIKIHEHIIMYGDIRRPVSSQFLGRKVDVLAFVTEE,0.506802721088,0.452380952381,0.945578231293
30,c54,0.000462631,2.97e-06,1.612331177,0.374129273,7,17,0000000002,1,EYHAPAGYQVNPPYHPVHGYE---EQCSSIYIYYGALWEQETARGFQWFAVFLSALFLAFYGWHAYKASVGWEEVYVCSVELIKVILEIYFEFTSPAMLFLYGGNITPWLRYAEWLLTCPVILIHLSNITGLSEAYNKRTMALLVSDLGTICMGVTAALATGWVKWLFYCIGLVYGTQTFYNAGIIYVESYYIMPAGGCKKLVLAMTAVYYSSWLMFPGLFIFGPEGMHTLSVAGSTIGHTIADLLSKNIWGLLGHFLRIKIHEHILIHGDIRKTTKMEIGGEEVEVEEFVEEE,0.510204081633,0.530612244898,0.942176870748
31,c55,0.000857175,9.12e-06,1.138592314,0.462043573,10,25,0222222222,1,EYHAPAGYQVNPPYHPVHGYE---EQCSSIYIYYGTPGEKIGAQVCQWIAFSIAIALLTFYGFSAWKATCGWEEVYVCCVEVLFVTLEIFKEFSSPATVYLSTGNHAYCLRYFEWLLSCPVILIRLSNLSGLKNDYSKRTMGLIVSCVGMIVFGMAAGLATDWLKWLLYIVSCIYGGYMYFQAAKCYVEANHSVPKGHCRMVVKLMAYAYFASWGSYPILWAVGPEGLLKLSPYANSIGHSICDIIAKEFWTFLAHHLRIKIHEHILIHGDIRKTTKMEIGGEEVEVEEFVEEE,0.914965986395,0.486394557823,0.537414965986
32,c56,0.00290376,0.000991788,2.179751535,0.22334532,8,10,2022222222,1,GFDELAKGAVVPEDHFVCGPA-DKCYCSAWLHSRGALWEQETARGFQWFAFSIAIALLTFYGFSAWKATCGWEEVYVCCVEVLFVTLEIFKEFSSPATVYLSTGNHAYCLRYFEWLLSCPVILIRLSNLSGLKNDYSKRTMGLIVSCVGMIVFGMAAGLATDWLKWLLYIVSCIYGGYMYFQAAKCYVEANHSVPKGHCRMVVKLMAYAYFASWGSYPILWAVGPEGLLKLSPYANSIGHSICDIIAKEFWTFLAHHLRIKIHEHILIHGDIRKTTKMEIGGEEVEVEEFVEEE,0.965986394558,0.496598639456,0.486394557823
33,c57,0.00911494,0.000612079,0.336352254,0.053190652,8,21,2202222222,1,GFDELAKGAVVPEDHFVCGPA-DKCYCSAWLHSRGTPGEKIGAQVCQWIAVFLSALFLAFYGWHAYKASVGWEEVYVCSVELIKVILEIYFEFTSPATVYLSTGNHAYCLRYFEWLLSCPVILIRLSNLSGLKNDYSKRTMGLIVSCVGMIVFGMAAGLATDWLKWLLYIVSCIYGGYMYFQAAKCYVEANHSVPKGHCRMVVKLMAYAYFASWGSYPILWAVGPEGLLKLSPYANSIGHSICDIIAKEFWTFLAHHLRIKIHEHILIHGDIRKTTKMEIGGEEVEVEEFVEEE,0.928571428571,0.513605442177,0.52380952381
34,c58,0.004188873,0.000130019,2.519609363,0.039483943,12,10,2220222222,1,GFDELAKGAVVPEDHFVCGPA-DKCYCSAWLHSRGTPGEKIGAQVCQWIAFSIAIALLTFYGFSAWKATCGWEEVYVCCVEVLFVTLEIFKEFSSPAMLFLYGGNITPWLRYAEWLLSCPVILIRLSNLSGLKNDYSKRTMGLIVSCVGMIVFGMAAGLATDWLKWLLYIVSCIYGGYMYFQAAKCYVEANHSVPKGHCRMVVKLMAYAYFASWGSYPILWAVGPEGLLKLSPYANSIGHSICDIIAKEFWTFLAHHLRIKIHEHILIHGDIRKTTKMEIGGEEVEVEEFVEEE,0.965986394558,0.510204081633,0.486394557823
35,c59,0.001137885,8.88e-05,0.792411243,0.344605392,9,10,2222022222,1,GFDELAKGAVVPEDHFVCGPA-DKCYCSAWLHSRGTPGEKIGAQVCQWIAFSIAIALLTFYGFSAWKATCGWEEVYVCCVEVLFVTLEIFKEFSSPATVYLSTGNHAYCLRYFEWLLTCPVILIHLSNITGLSEAYNKRTMALLVSCVGMIVFGMAAGLATDWLKWLLYIVSCIYGGYMYFQAAKCYVEANHSVPKGHCRMVVKLMAYAYFASWGSYPILWAVGPEGLLKLSPYANSIGHSICDIIAKEFWTFLAHHLRIKIHEHILIHGDIRKTTKMEIGGEEVEVEEFVEEE,0.965986394558,0.510204081633,0.486394557823
36,c60,,,,,9,25,2222202222,-1,GFDELAKGAVVPEDHFVCGPA-DKCYCSAWLHSRGTPGEKIGAQVCQWIAFSIAIALLTFYGFSAWKATCGWEEVYVCCVEVLFVTLEIFKEFSSPATVYLSTGNHAYCLRYFEWLLSCPVILIRLSNLSGLKNDYSKRTMGLIVSDLGTICMGVTAALATGWVKWLFYCIGLVYGTQTFYNAGIIYVEANHSVPKGHCRMVVKLMAYAYFASWGSYPILWAVGPEGLLKLSPYANSIGHSICDIIAKEFWTFLAHHLRIKIHEHILIHGDIRKTTKMEIGGEEVEVEEFVEEE,0.914965986395,0.530612244898,0.537414965986
37,c62,0.009828811,0.000635313,0.331619114,0.04623336,8,10,2222222022,1,GFDELAKGAVVPEDHFVCGPA-DKCYCSAWLHSRGTPGEKIGAQVCQWIAFSIAIALLTFYGFSAWKATCGWEEVYVCCVEVLFVTLEIFKEFSSPATVYLSTGNHAYCLRYFEWLLSCPVILIRLSNLSGLKNDYSKRTMGLIVSCVGMIVFGMAAGLATDWLKWLLYIVSCIYGGYMYFQAAKCYVEANHSVPKGHCRMVVKLMAYAYFASWLMFPGLFIFGPEGMHTLSPYANSIGHSICDIIAKEFWTFLAHHLRIKIHEHILIHGDIRKTTKMEIGGEEVEVEEFVEEE,0.965986394558,0.513605442177,0.486394557823
38,c63,0.004767779,4.01e-05,0.190307931,0.072000449,20,16,2222222202,1,GFDELAKGAVVPEDHFVCGPA-DKCYCSAWLHSRGTPGEKIGAQVCQWIAFSIAIALLTFYGFSAWKATCGWEEVYVCCVEVLFVTLEIFKEFSSPATVYLSTGNHAYCLRYFEWLLSCPVILIRLSNLSGLKNDYSKRTMGLIVSCVGMIVFGMAAGLATDWLKWLLYIVSCIYGGYMYFQAAKCYVEANHSVPKGHCRMVVKLMAYAYFASWGSYPILWAVGPEGLLKLSVAGSTIGHTIADLLSKNIWGLLGHFLRIKIHEHILIHGDIRKTTKMEIGGEEVEVEEFVEEE,0.945578231293,0.540816326531,0.506802721088
39,c64,0.004844,0.000765236,2.225106766,0.023095388,7,17,2222222220,1,GFDELAKGAVVPEDHFVCGPA-DKCYCSAWLHSRGTPGEKIGAQVCQWIAFSIAIALLTFYGFSAWKATCGWEEVYVCCVEVLFVTLEIFKEFSSPATVYLSTGNHAYCLRYFEWLLSCPVILIRLSNLSGLKNDYSKRTMGLIVSCVGMIVFGMAAGLATDWLKWLLYIVSCIYGGYMYFQAAKCYVEANHSVPKGHCRMVVKLMAYAYFASWGSYPILWAVGPEGLLKLSPYANSIGHSICDIIAKEFWTFLAHHLRIKIHEHIIMYGDIRRPVSSQFLGRKVDVLAFVTEE,0.942176870748,0.462585034014,0.510204081633
40,c69,0.000767452,0.0,0.83047301,0.0,11,28,2222212222,1,GFDELAKGAVVPEDHFVCGPA-DKCYCSAWLHSRGTPGEKIGAQVCQWIAFSIAIALLTFYGFSAWKATCGWEEVYVCCVEVLFVTLEIFKEFSSPATVYLSTGNHAYCLRYFEWLLSCPVILIRLSNLSGLKNDYSKRTMGLIVSDIGTIVWGTTAALSKGYVRVIFFLMGLCYGIYTFFNAAKVYIEANHSVPKGHCRMVVKLMAYAYFASWGSYPILWAVGPEGLLKLSPYANSIGHSICDIIAKEFWTFLAHHLRIKIHEHILIHGDIRKTTKMEIGGEEVEVEEFVEEE,0.904761904762,0.602040816327,0.465986394558
41,c70,0.002496848,0.000258235,2.389460798,0.001321157,8,10,2222221222,1,GFDELAKGAVVPEDHFVCGPA-DKCYCSAWLHSRGTPGEKIGAQVCQWIAFSIAIALLTFYGFSAWKATCGWEEVYVCCVEVLFVTLEIFKEFSSPATVYLSTGNHAYCLRYFEWLLSCPVILIRLSNLSGLKNDYSKRTMGLIVSCVGMIVFGMAAGLATDWLKWLLYIVSCIYGGYMYFQAAKCYVEAYHTVPKGRCRQVVTGMAWLFFVSWGSYPILWAVGPEGLLKLSPYANSIGHSICDIIAKEFWTFLAHHLRIKIHEHILIHGDIRKTTKMEIGGEEVEVEEFVEEE,0.965986394558,0.540816326531,0.452380952381
42,c71,0.003633391,0.000230422,1.182654652,0.04753524,5,8,2222222122,1,GFDELAKGAVVPEDHFVCGPA-DKCYCSAWLHSRGTPGEKIGAQVCQWIAFSIAIALLTFYGFSAWKATCGWEEVYVCCVEVLFVTLEIFKEFSSPATVYLSTGNHAYCLRYFEWLLSCPVILIRLSNLSGLKNDYSKRTMGLIVSCVGMIVFGMAAGLATDWLKWLLYIVSCIYGGYMYFQAAKCYVEANHSVPKGHCRMVVKLMAYAYFASWGMFPILFILGPEGFGVLSPYANSIGHSICDIIAKEFWTFLAHHLRIKIHEHILIHGDIRKTTKMEIGGEEVEVEEFVEEE,0.972789115646,0.534013605442,0.465986394558
43,c72,0.001499074,0.000263506,0.560046669,0.168472537,19,18,2222222212,1,GFDELAKGAVVPEDHFVCGPA-DKCYCSAWLHSRGTPGEKIGAQVCQWIAFSIAIALLTFYGFSAWKATCGWEEVYVCCVEVLFVTLEIFKEFSSPATVYLSTGNHAYCLRYFEWLLSCPVILIRLSNLSGLKNDYSKRTMGLIVSCVGMIVFGMAAGLATDWLKWLLYIVSCIYGGYMYFQAAKCYVEANHSVPKGHCRMVVKLMAYAYFASWGSYPILWAVGPEGLLKLSVYGSTVGHTIIDLMSKNCWGLLGHYLRVLIHEHILIHGDIRKTTKMEIGGEEVEVEEFVEEE,0.938775510204,0.568027210884,0.479591836735
44,c73,0.002783044,0.0,2.425979929,0.0,2,7,2222222221,1,GFDELAKGAVVPEDHFVCGPA-DKCYCSAWLHSRGTPGEKIGAQVCQWIAFSIAIALLTFYGFSAWKATCGWEEVYVCCVEVLFVTLEIFKEFSSPATVYLSTGNHAYCLRYFEWLLSCPVILIRLSNLSGLKNDYSKRTMGLIVSCVGMIVFGMAAGLATDWLKWLLYIVSCIYGGYMYFQAAKCYVEANHSVPKGHCRMVVKLMAYAYFASWGSYPILWAVGPEGLLKLSPYANSIGHSICDIIAKEFWTFLAHHLRIKIHEHILIHGDIRKTTKLNIGGTEIEVETLVEDE,0.97619047619,0.530612244898,0.442176870748
45,c74,0.001270783,0.000275053,1.160926364,0.178688557,32,79,2001201210,1,GFDELAKGAVVPEDHFVCGPA-DKCYCSAWLHSRGALWEQETARGFQWFAVFLSALFLAFYGWHAYKASVGWEEVYVCSVELIKVILEIYFEFTEPAVIYSSNGNKTVWLRYAEWLLSCPVILIRLSNLSGLKNDYSKRTMGLIVSDLGTICMGVTAALATGWVKWLFYCIGLVYGTQTFYNAGIIYVEAYHTVPKGRCRQVVTGMAWLFFVSWGSYPILWAVGPEGLLKLSVYGSTVGHTIIDLMSKNCWGLLGHYLRVLIHEHIIMYGDIRRPVSSQFLGRKVDVLAFVTEE,0.622448979592,0.612244897959,0.731292517007
46,c75,0.000809953,0.000200349,0.711779432,0.156063739,56,93,0021120211,1,EYHAPAGYQVNPPYHPVHGYE---EQCSSIYIYYGALWEQETARGFQWFAFSIAIALLTFYGFSAWKATCGWEEVYVCCVEVLFVTLEIFKEFSEPAVIYSSNGNKTVWLRYAEWLLTCPVILIHLSNLTGLANDYNKRTMGLLVSCVGMIVFGMAAGLATDWLKWLLYIVSCIYGGYMYFQAAKCYVESYYIMPAGGCKKLVLAMTAVYYSSWGSYPILWAVGPEGLLKLSVYGSTVGHTIIDLMSKNCWGLLGHYLRVLIHEHILIHGDIRKTTKLNIGGTEIEVETLVEDE,0.683673469388,0.591836734694,0.666666666667
47,c76,0.000563113,5.38e-05,0.801821563,0.156152471,31,78,2011212010,1,GFDELAKGAVVPEDHFVCGPA-DKCYCSAWLHSRGALWEQETARGFQWFTFALSALCLMFYGYQTWKSTCGWEEIYVATIEMIKFIIEYFHEFDEPAVIYSSNGNKTVWLRYAEWLLSCPVILIRLSNLSGLKNDYSKRTMGLIVSDIGTIVWGTTAALSKGYVRVIFFLMGLCYGIYTFFNAAKVYIEANHSVPKGHCRMVVKLMAYAYFASWLMFPGLFIFGPEGMHTLSVYGSTVGHTIIDLMSKNCWGLLGHYLRVLIHEHIIMYGDIRRPVSSQFLGRKVDVLAFVTEE,0.598639455782,0.734693877551,0.615646258503
48,c95,0.001267471,0.000174012,0.26388425,0.157391214,41,87,2110201022,1,GFDELAKGAVVPEDHFVCGPA-DKCYCSAWLHSRGTNAEKLAANILQWITFALSALCLMFYGYQTWKSTCGWEEIYVATIEMIKFIIEYFHEFDSPAMLFLYGGNITPWLRYAEWLLSCPVILIRLSNLSGLKNDYSKRTMGLIVSDLGTICMGVTAALATGWVKWLFYCIGLVYGTQTFYNAGIIYVEAYHTVPKGRCRQVVTGMAWLFFVSWLMFPGLFIFGPEGMHTLSPYANSIGHSICDIIAKEFWTFLAHHLRIKIHEHILIHGDIRKTTKMEIGGEEVEVEEFVEEE,0.704081632653,0.683673469388,0.598639455782
49,c96,0.007370581,0.001910679,0.63783978,0.042188765,29,77,2102121200,1,GFDELAKGAVVPEDHFVCGPA-DKCYCSAWLHSRGTNAEKLAANILQWIAVFLSALFLAFYGWHAYKASVGWEEVYVCSVELIKVILEIYFEFTSPATVYLSTGNHAYCLRYFEWLLTCPVILIHLSNLTGLANDYNKRTMGLLVSCVGMIVFGMAAGLATDWLKWLLYIVSCIYGGYMYFQAAKCYVEAYHTVPKGRCRQVVTGMAWLFFVSWGSYPILWAVGPEGLLKLSVAGSTIGHTIADLLSKNIWGLLGHFLRIKIHEHIIMYGDIRRPVSSQFLGRKVDVLAFVTEE,0.738095238095,0.581632653061,0.65306122449
50,c97,0.000391132,9.66e-06,1.326766648,1.245579221,56,89,0012200221,1,EYHAPAGYQVNPPYHPVHGYE---EQCSSIYIYYGALWEQETARGFQWFTFALSALCLMFYGYQTWKSTCGWEEIYVATIEMIKFIIEYFHEFDSPATVYLSTGNHAYCLRYFEWLLSCPVILIRLSNLSGLKNDYSKRTMGLIVSDLGTICMGVTAALATGWVKWLFYCIGLVYGTQTFYNAGIIYVESYYIMPAGGCKKLVLAMTAVYYSSWGSYPILWAVGPEGLLKLSPYANSIGHSICDIIAKEFWTFLAHHLRIKIHEHILIHGDIRKTTKLNIGGTEIEVETLVEDE,0.62925170068,0.585034013605,0.697278911565
51,c103,0.000649355,0.0,1.370025237,0.0,24,86,0120202011,1,EYHAPAGYQVNPPYHPVHGYE---EQCSSIYIYYGTNAEKLAANILQWIAFSIAIALLTFYGFSAWKATCGWEEVYVCCVEVLFVTLEIFKEFSSPAMLFLYGGNITPWLRYAEWLLSCPVILIRLSNLSGLKNDYSKRTMGLIVSDLGTICMGVTAALATGWVKWLFYCIGLVYGTQTFYNAGIIYVEANHSVPKGHCRMVVKLMAYAYFASWLMFPGLFIFGPEGMHTLSVYGSTVGHTIIDLMSKNCWGLLGHYLRVLIHEHILIHGDIRKTTKLNIGGTEIEVETLVEDE,0.65306122449,0.62925170068,0.707482993197
52,c77,0.00134245,0.000244776,0.398312077,0.213557137,37,73,0221021212,1,EYHAPAGYQVNPPYHPVHGYE---EQCSSIYIYYGTPGEKIGAQVCQWIAFSIAIALLTFYGFSAWKATCGWEEVYVCCVEVLFVTLEIFKEFSEPAVIYSSNGNKTVWLRYAEWLLTCPVILIHLSNITGLSEAYNKRTMALLVSCVGMIVFGMAAGLATDWLKWLLYIVSCIYGGYMYFQAAKCYVEAYHTVPKGRCRQVVTGMAWLFFVSWGSYPILWAVGPEGLLKLSVYGSTVGHTIIDLMSKNCWGLLGHYLRVLIHEHILIHGDIRKTTKMEIGGEEVEVEEFVEEE,0.751700680272,0.619047619048,0.602040816327
53,c78,0.008753537,0.000212141,0.199719533,0.019248788,38,83,2110220102,1,GFDELAKGAVVPEDHFVCGPA-DKCYCSAWLHSRGTNAEKLAANILQWITFALSALCLMFYGYQTWKSTCGWEEIYVATIEMIKFIIEYFHEFDSPAMLFLYGGNITPWLRYAEWLLSCPVILIRLSNLSGLKNDYSKRTMGLIVSCVGMIVFGMAAGLATDWLKWLLYIVSCIYGGYMYFQAAKCYVESYYIMPAGGCKKLVLAMTAVYYSSWGMFPILFILGPEGFGVLSVAGSTIGHTIADLLSKNIWGLLGHFLRIKIHEHILIHGDIRKTTKMEIGGEEVEVEEFVEEE,0.71768707483,0.656462585034,0.605442176871
54,c79,0.000719803,7.8e-05,0.576183174,0.239612664,39,101,2001210021,1,GFDELAKGAVVPEDHFVCGPA-DKCYCSAWLHSRGALWEQETARGFQWFAVFLSALFLAFYGWHAYKASVGWEEVYVCSVELIKVILEIYFEFTEPAVIYSSNGNKTVWLRYAEWLLSCPVILIRLSNLSGLKNDYSKRTMGLIVSDIGTIVWGTTAALSKGYVRVIFFLMGLCYGIYTFFNAAKVYIESYYIMPAGGCKKLVLAMTAVYYSSWLMFPGLFIFGPEGMHTLSPYANSIGHSICDIIAKEFWTFLAHHLRIKIHEHILIHGDIRKTTKLNIGGTEIEVETLVEDE,0.649659863946,0.639455782313,0.656462585034
55,c80,0.000631841,4.1e-05,0.974232638,0.000907653,40,89,0022211202,1,EYHAPAGYQVNPPYHPVHGYE---EQCSSIYIYYGALWEQETARGFQWFAFSIAIALLTFYGFSAWKATCGWEEVYVCCVEVLFVTLEIFKEFSSPATVYLSTGNHAYCLRYFEWLLSCPVILIRLSNLSGLKNDYSKRTMGLIVSDIGTIVWGTTAALSKGYVRVIFFLMGLCYGIYTFFNAAKVYIEAYHTVPKGRCRQVVTGMAWLFFVSWGSYPILWAVGPEGLLKLSVAGSTIGHTIADLLSKNIWGLLGHFLRIKIHEHILIHGDIRKTTKMEIGGEEVEVEEFVEEE,0.697278911565,0.639455782313,0.639455782313
56,c81,0.003773919,0.000458731,0.24686908,0.055438452,17,96,0102221111,1,EYHAPAGYQVNPPYHPVHGYE---EQCSSIYIYYGTNAEKLAANILQWIAVFLSALFLAFYGWHAYKASVGWEEVYVCSVELIKVILEIYFEFTSPATVYLSTGNHAYCLRYFEWLLSCPVILIRLSNLSGLKNDYSKRTMGLIVSCVGMIVFGMAAGLATDWLKWLLYIVSCIYGGYMYFQAAKCYVEAYHTVPKGRCRQVVTGMAWLFFVSWGMFPILFILGPEGFGVLSVYGSTVGHTIIDLMSKNCWGLLGHYLRVLIHEHILIHGDIRKTTKLNIGGTEIEVETLVEDE,0.673469387755,0.663265306122,0.639455782313
57,c83,0.000536484,9.64e-05,1.198734148,0.776966387,32,95,0020211220,1,EYHAPAGYQVNPPYHPVHGYE---EQCSSIYIYYGALWEQETARGFQWFAFSIAIALLTFYGFSAWKATCGWEEVYVCCVEVLFVTLEIFKEFSSPAMLFLYGGNITPWLRYAEWLLSCPVILIRLSNLSGLKNDYSKRTMGLIVSDIGTIVWGTTAALSKGYVRVIFFLMGLCYGIYTFFNAAKVYIEAYHTVPKGRCRQVVTGMAWLFFVSWGSYPILWAVGPEGLLKLSPYANSIGHSICDIIAKEFWTFLAHHLRIKIHEHIIMYGDIRRPVSSQFLGRKVDVLAFVTEE,0.659863945578,0.56462585034,0.676870748299
58,c84,0.000647956,6.61e-05,0.952959895,0.44126316,42,95,0212020212,1,EYHAPAGYQVNPPYHPVHGYE---EQCSSIYIYYGTPGEKIGAQVCQWITFALSALCLMFYGYQTWKSTCGWEEIYVATIEMIKFIIEYFHEFDSPATVYLSTGNHAYCLRYFEWLLTCPVILIHLSNITGLSEAYNKRTMALLVSCVGMIVFGMAAGLATDWLKWLLYIVSCIYGGYMYFQAAKCYVESYYIMPAGGCKKLVLAMTAVYYSSWGSYPILWAVGPEGLLKLSVYGSTVGHTIIDLMSKNCWGLLGHYLRVLIHEHILIHGDIRKTTKMEIGGEEVEVEEFVEEE,0.676870748299,0.612244897959,0.649659863946
59,c85,0.001751059,0.00030706,0.565587892,0.192589349,40,88,2100210112,1,GFDELAKGAVVPEDHFVCGPA-DKCYCSAWLHSRGTNAEKLAANILQWIAVFLSALFLAFYGWHAYKASVGWEEVYVCSVELIKVILEIYFEFTSPAMLFLYGGNITPWLRYAEWLLSCPVILIRLSNLSGLKNDYSKRTMGLIVSDIGTIVWGTTAALSKGYVRVIFFLMGLCYGIYTFFNAAKVYIESYYIMPAGGCKKLVLAMTAVYYSSWGMFPILFILGPEGFGVLSVYGSTVGHTIIDLMSKNCWGLLGHYLRVLIHEHILIHGDIRKTTKMEIGGEEVEVEEFVEEE,0.62925170068,0.700680272109,0.670068027211
60,c86,0.006537406,0.000912957,0.750516937,0.668353193,51,77,2210020121,1,GFDELAKGAVVPEDHFVCGPA-DKCYCSAWLHSRGTPGEKIGAQVCQWITFALSALCLMFYGYQTWKSTCGWEEIYVATIEMIKFIIEYFHEFDSPAMLFLYGGNITPWLRYAEWLLTCPVILIHLSNITGLSEAYNKRTMALLVSCVGMIVFGMAAGLATDWLKWLLYIVSCIYGGYMYFQAAKCYVESYYIMPAGGCKKLVLAMTAVYYSSWGMFPILFILGPEGFGVLSPYANSIGHSICDIIAKEFWTFLAHHLRIKIHEHILIHGDIRKTTKLNIGGTEIEVETLVEDE,0.738095238095,0.625850340136,0.574829931973
61,c87,0.001677896,0.000173238,0.792343591,0.502548239,40,99,2100111220,1,GFDELAKGAVVPEDHFVCGPA-DKCYCSAWLHSRGTNAEKLAANILQWIAVFLSALFLAFYGWHAYKASVGWEEVYVCSVELIKVILEIYFEFTSPAMLFLYGGNITPWLRYAEWLLTCPVILIHLSNLTGLANDYNKRTMGLLVSDIGTIVWGTTAALSKGYVRVIFFLMGLCYGIYTFFNAAKVYIEAYHTVPKGRCRQVVTGMAWLFFVSWGSYPILWAVGPEGLLKLSPYANSIGHSICDIIAKEFWTFLAHHLRIKIHEHIIMYGDIRRPVSSQFLGRKVDVLAFVTEE,0.663265306122,0.646258503401,0.646258503401
62,c88,0.000421593,0.0,0.185706876,0.0,47,82,0111110222,1,EYHAPAGYQVNPPYHPVHGYE---EQCSSIYIYYGTNAEKLAANILQWITFALSALCLMFYGYQTWKSTCGWEEIYVATIEMIKFIIEYFHEFDEPAVIYSSNGNKTVWLRYAEWLLTCPVILIHLSNLTGLANDYNKRTMGLLVSDIGTIVWGTTAALSKGYVRVIFFLMGLCYGIYTFFNAAKVYIESYYIMPAGGCKKLVLAMTAVYYSSWGSYPILWAVGPEGLLKLSPYANSIGHSICDIIAKEFWTFLAHHLRIKIHEHILIHGDIRKTTKMEIGGEEVEVEEFVEEE,0.598639455782,0.721088435374,0.622448979592
63,c89,0.000561377,0.000125036,0.731050171,0.230318605,36,75,0211202100,1,EYHAPAGYQVNPPYHPVHGYE---EQCSSIYIYYGTPGEKIGAQVCQWITFALSALCLMFYGYQTWKSTCGWEEIYVATIEMIKFIIEYFHEFDEPAVIYSSNGNKTVWLRYAEWLLSCPVILIRLSNLSGLKNDYSKRTMGLIVSDLGTICMGVTAALATGWVKWLFYCIGLVYGTQTFYNAGIIYVEANHSVPKGHCRMVVKLMAYAYFASWGMFPILFILGPEGFGVLSVAGSTIGHTIADLLSKNIWGLLGHFLRIKIHEHIIMYGDIRRPVSSQFLGRKVDVLAFVTEE,0.571428571429,0.646258503401,0.744897959184
64,c90,0.00145181,0.000294385,0.463557764,0.110185842,33,81,2202020111,1,GFDELAKGAVVPEDHFVCGPA-DKCYCSAWLHSRGTPGEKIGAQVCQWIAVFLSALFLAFYGWHAYKASVGWEEVYVCSVELIKVILEIYFEFTSPATVYLSTGNHAYCLRYFEWLLTCPVILIHLSNITGLSEAYNKRTMALLVSCVGMIVFGMAAGLATDWLKWLLYIVSCIYGGYMYFQAAKCYVESYYIMPAGGCKKLVLAMTAVYYSSWGMFPILFILGPEGFGVLSVYGSTVGHTIIDLMSKNCWGLLGHYLRVLIHEHILIHGDIRKTTKLNIGGTEIEVETLVEDE,0.724489795918,0.605442176871,0.646258503401
65,c92,0.000674826,0.0,2.359078465,0.0,36,95,0221012201,1,EYHAPAGYQVNPPYHPVHGYE---EQCSSIYIYYGTPGEKIGAQVCQWIAFSIAIALLTFYGFSAWKATCGWEEVYVCCVEVLFVTLEIFKEFSEPAVIYSSNGNKTVWLRYAEWLLTCPVILIHLSNITGLSEAYNKRTMALLVSDIGTIVWGTTAALSKGYVRVIFFLMGLCYGIYTFFNAAKVYIEANHSVPKGHCRMVVKLMAYAYFASWGSYPILWAVGPEGLLKLSVAGSTIGHTIADLLSKNIWGLLGHFLRIKIHEHILIHGDIRKTTKLNIGGTEIEVETLVEDE,0.673469387755,0.676870748299,0.632653061224
66,c4,0.000647958,7.92e-05,0.526841739,0.333579293,5,23,1101111111,1,RMLFQTSYTLENNGSVICIPNNGQCFCLAWLKSNGTNAEKLAANILQWIAVFLSALFLAFYGWHAYKASVGWEEVYVCSVELIKVILEIYFEFTEPAVIYSSNGNKTVWLRYAEWLLTCPVILIHLSNLTGLANDYNKRTMGLLVSDIGTIVWGTTAALSKGYVRVIFFLMGLCYGIYTFFNAAKVYIEAYHTVPKGRCRQVVTGMAWLFFVSWGMFPILFILGPEGFGVLSVYGSTVGHTIIDLMSKNCWGLLGHYLRVLIHEHILIHGDIRKTTKLNIGGTEIEVETLVEDE,0.520408163265,0.921768707483,0.56462585034
67,c36,0.000510802,1.45e-06,1.643789839,0.754326472,7,10,0100000000,1,EYHAPAGYQVNPPYHPVHGYE---EQCSSIYIYYGTNAEKLAANILQWIAVFLSALFLAFYGWHAYKASVGWEEVYVCSVELIKVILEIYFEFTSPAMLFLYGGNITPWLRYAEWLLTCPVILIHLSNITGLSEAYNKRTMALLVSDLGTICMGVTAALATGWVKWLFYCIGLVYGTQTFYNAGIIYVESYYIMPAGGCKKLVLAMTAVYYSSWLMFPGLFIFGPEGMHTLSVAGSTIGHTIADLLSKNIWGLLGHFLRIKIHEHIIMYGDIRRPVSSQFLGRKVDVLAFVTEE,0.462585034014,0.520408163265,0.965986394558
68,c47,,,,,9,21,0020000000,-1,EYHAPAGYQVNPPYHPVHGYE---EQCSSIYIYYGALWEQETARGFQWFAFSIAIALLTFYGFSAWKATCGWEEVYVCCVEVLFVTLEIFKEFSSPAMLFLYGGNITPWLRYAEWLLTCPVILIHLSNITGLSEAYNKRTMALLVSDLGTICMGVTAALATGWVKWLFYCIGLVYGTQTFYNAGIIYVESYYIMPAGGCKKLVLAMTAVYYSSWLMFPGLFIFGPEGMHTLSVAGSTIGHTIADLLSKNIWGLLGHFLRIKIHEHIIMYGDIRRPVSSQFLGRKVDVLAFVTEE,0.52380952381,0.479591836735,0.928571428571
69,c1c2,0.008069334,0.001610724,0.556747465,0.098245485,0,0,1111111111,1,GFDELAKGAVVPEDHFVCGPA-DKCYCSAWLHSRGTPGEKIGAQVCQWIAFSIAIALLTFYGFSAWKATCGWEEVYVCCVEVLFVTLEIFKEFSSPATVYLSTGNHAYCLRYFEWLLSCPVILIRLSNLSGLKNDYSKRTMGLIVSCVGMIVFGMAAGLATDWLKWLLYIVSCIYGGYMYFQAAKCYVEANHSVPKGHCRMVVKLMAYAYFASWGSYPILWAVGPEGLLKLSPYANSIGHSICDIIAKEFWTFLAHHLRIKIHEHILIHGDIRKTTKMEIGGEEVEVEEFVEEE,1.0,0.506802721088,0.452380952381
70,cheriff,0.001234882,0.000198192,3.11407257,0.644943762,0,0,0000000000,1,EYHAPAGYQVNPPYHPVHGYE---EQCSSIYIYYGALWEQETARGFQWFAVFLSALFLAFYGWHAYKASVGWEEVYVCSVELIKVILEIYFEFTSPAMLFLYGGNITPWLRYAEWLLTCPVILIHLSNITGLSEAYNKRTMALLVSDLGTICMGVTAALATGWVKWLFYCIGLVYGTQTFYNAGIIYVESYYIMPAGGCKKLVLAMTAVYYSSWLMFPGLFIFGPEGMHTLSVAGSTIGHTIADLLSKNIWGLLGHFLRIKIHEHIIMYGDIRRPVSSQFLGRKVDVLAFVTEE,0.452380952381,0.486394557823,1.0
71,cschrimson,0.008387107,0.001060034,1.731298352,0.122350166,0,0,2222222222,1,RMLFQTSYTLENNGSVICIPNNGQCFCLAWLKSNGTNAEKLAANILQWITFALSALCLMFYGYQTWKSTCGWEEIYVATIEMIKFIIEYFHEFDEPAVIYSSNGNKTVWLRYAEWLLTCPVILIHLSNLTGLANDYNKRTMGLLVSDIGTIVWGTTAALSKGYVRVIFFLMGLCYGIYTFFNAAKVYIEAYHTVPKGRCRQVVTGMAWLFFVSWGMFPILFILGPEGFGVLSVYGSTVGHTIIDLMSKNCWGLLGHYLRVLIHEHILIHGDIRKTTKLNIGGTEIEVETLVEDE,0.506802721088,1.0,0.486394557823
72,n1,0.002290391,0.000339557,1.63511162,0.388157765,5,40,0000001000,1,RMLFQTSYTLENNGSVICIPNNGQCFCLAWLKSNGALWEQETARGFQWFAVFLSALFLAFYGWHAYKASVGWEEVYVCSVELIKVILEIYFEFTEPAVIYSSGGNKTVWLRYAEWLLTCPVILIHLSNITGLSEAYNKRTMALLVSDLGTICMGVTAALATGWVKWLFYCIGLVYGTQTFYNAGIIYVESYYIMPAGGCKKLVLAMTAVYYSSWLMFPGLFIFGPEGMHTLSVAGSTIGHTIADLLSKNIWGLLGHFLRIKIHEHIIMYGDIRRPVSSQFLGRKVDVLAFVTEE,0.448979591837,0.622448979592,0.863945578231
73,n3,0.000454559,0.0,0.493015081,0.0,1,5,0111111111,1,RMLFQTSYTLENNGSVICIPNNGQCFCLAWLKSNGTNAEKLAANILQWITFALSALCLMFYGYQTWKSTCGWEEIYVATIEMIKFIIEYFHEFDEPAVIYSSNGNKTVWLRYAEWLLTCPVILIHLSNLTGLANDYNKRTMGLLVSDIGTIVWGTTAALSKGYVRVIFFLMGLCYGIYTFFNAAKVYIEAYHTVPKGRCRQVVTGMAWLFFVSWGMFPGLFIFGPEGMHTLSVYGSTVGHTIIDLMSKNCWGLLGHYLRVLIHEHILIHGDIRKTTKLNIGGTEIEVETLVEDE,0.503401360544,0.982993197279,0.503401360544
74,n4,0.000748934,0.000200651,1.260142189,0.444996395,5,19,1011111111,1,RMLFQTSYTLENNGSVICIPNNGQCFCLAWLKSNGALWEQETARGFQWFAFFLSALFLAFYGYQTWKSTCGWEEIYVATIEMIKFIIEYFHEFDEPAVIYSSNGNKTVWLRYAEWLLTCPVILIHLSNLTGLANDYNKRTMGLLVSDIGTIVWGTTAALSKGYVRVIFFLMGLCYGIYTFFNAAKVYIEAYHTVPKGRCRQVVTGMAWLFFVSWGMFPILFILGPEGFGVLSVAGSTIGHTIADLLSKNIWGLLGHYLRVLIHEHILIHGDIRKTTKLNIGGTEIEVETLVEDE,0.5,0.93537414966,0.551020408163
75,n9,0.004872187,0.0005644,0.225390947,0.059222127,2,4,1111111011,1,RMLFQTSYTLENNGSVICIPNNGQCFCLAWLKSNGTNAEKLAANILQWITFALSALCLMFYGYQTWKSTCGWEEIYVATIEMIKFIIEYFHEFDEPAVIYSSNGNKTVWLRYAEWLLTCPVILIHLSNLTGLANDYNKRTMGLLVSDLGTICMGVTAALSKGYVRVIFFLMGLCYGIYTFFNAAKVYIEAYHTVPKGRCRQVVTGMAWLFFVSWGMFPILFILGPEGFGVLSVYGSTVGHTIIDLMSKNCWGLLGHYLRVLIHEHILIHGDIRKTTKLNIGGTEIEVETLVEDE,0.503401360544,0.986394557823,0.5
76,n13,0.003710121,0.000382987,1.866485482,0.173536456,10,33,1211111111,1,RMLFQTSYTLENNGSVICIPNNGQCFCLAWLKSNGTPGEKIGAQVCQWIAFSIAIALLTFYGYQTWKSTCGWEEIYVATIEMIKFIIEYFHEFDEPAVIYSSNGNKTVWLRYAEWLLTCPVILIRLSNLTGLANDYNKRTMGLLVSDIGTIVWGTTAALSKGYVRVIFFLMGLCYGIYTFFNAAKVYIEAYHTVPKGRCRQVVTGMAWLFFVSWGSYPILFILGPEGFGVLSPYANSIGHSICDIIAKEFWTFLAHYLRVLIHEHILIHGDIRKTTKLNIGGTEIEVETLVEDE,0.619047619048,0.887755102041,0.431972789116
77,n14,0.002690085,0.000287102,0.648696522,0.354424266,4,18,1121111111,1,RMLFQTSYTLENNGSVICIPNNGQCFCLAWLKSNGTNAEKLAANILQWITFALSALCLMFYGFSAWKATCGWEEVYVCCVEVLFVTLEIFKEFSEPAVIYSSNGNKTVWLRYAEWLLSCPVILIHLSNLTGLANDYNKRTMGLLVSDIGTIVWGTTAALSKGYVRVIFFLMGLCYGIYTFFNAAKVYIEAYHTVPKGRCRQVVTGMAWLFFVSWGMFPILFILGPEGFGVLSVYGSTVGHTIIDLMSKNCWGLLGHYLRVLIHEHILIHGDIRKTTKLNIGGTEIEVETLVEDE,0.568027210884,0.938775510204,0.5
78,n18,0.000551137,5.46e-05,1.764537537,1.400216254,18,10,1111111211,1,RMLFQTSYTLENNGSVICIPNNGQCFCLAWLKSNGTNAEKLAANILQWITFALSALCLMFYGYQTWKSTCGWEEIYVATIEMIKFIIEYFHEFDEPAVIYSSNGNKTVCLRYFEWLLTCPVILIHLSNLTGLANDYNKRTMGLIVSCVGMIVFGMAAGLSKGYVRVIFFLMGLCYGIYTFFNAAKVYIEAYHTVPKGRCRQVVTGMAWLFFVSWGMFPILFILGPEGFGVLSVYGSTVGHTIIDLMSKNCWGLLGHYLRVLIHEHILIHGDIRKTTKLNIGGTEIEVETLVEDE,0.540816326531,0.965986394558,0.462585034014
79,n21,0.003862357,0.000153268,0.957845789,0.064679372,29,57,2212111212,1,RMLFQTSYTLENNGSVICIPNNGQCFCLAWLKSNGTPGEKIGAQVCQWIAFSIAIALLTFYGYQTWKSTCGWEEIYVATIEMIKFIIEYFHEFDEPAVIYSSNGNKTVCLRYFEWLLTCPVILIRLSNLTGLKNDYSKRTMGLIVSCVGMIVFGMAAGLSKGYVRVIFFLMGLCYGGYMYFQAAKCYVEAYHTVPKGRCRQVVTGMAWLFFVSWGSYPILWAVGPEGLLKLSPYANSIGHSICDIIAKEFWTFLAHYLRVLIHEHILIHGDIRKTTKLNIGGTEIEVETLVEDE,0.700680272109,0.80612244898,0.391156462585
80,n23,,,,,29,78,0220021220,-1,RMLFQTSYTLENNGSVICIPNNGQCFCLAWLKSNGTPGEKIGAQVCQWIAFSIAIALLTFYGFSAWKATCGWEEVYVCCVEVLFVTLEIFKEFSEPAVIYSSTGNKTVCLRYFEWLLSCPVILIRLSNITGLSEAYNKRTMALIVSCVGMIVFGMAAGLATDWLKWLLYIVSCIYGTQTFYNAGIIYVESYYIMPKGHCRMVVKLMAYAYFASWGSYPGLFIFGPEGMHTLSPYANSIGHSICDIIAKEFWTFLAHHLRIKIHEHIIMYGDIRRPVSSQFLGRKVDVLAFVTEE,0.734693877551,0.561224489796,0.578231292517
81,n29,0.000614705,0.000131813,2.002832154,0.844160229,16,56,2012221110,1,RMLFQTSYTLENNGSVICIPNNGQCFCLAWLKSNGALWEQETARGFQWFAFFLSALFLAFYGYQTWKSTCGWEEIYVATIEMIKFIIEYFHEFDEPAVIYSSNGNKTVWLRYAEWLLTCPVILIHLSNLSGLKNDYSKRTMALLVSDIGTIVWGTTAALSKGYVRVIFFLMGLCYGTQTFYNAGIIYVEANHSVPKGHCRMVVKLMAYAYFASWGMFPILWAVGPEGLLKLSVAGSTIGHTIADLLSKNIWGLLGHHLRIKIHEHILIHGDIRKTTKMEIGGEEVEVEEFVEEE,0.585034013605,0.809523809524,0.581632653061
82,n32,0.00068554,0.000157583,1.679311565,0.362204574,16,88,0000211222,1,RMLFQTSYTLENNGSVICIPNNGQCFCLAWLKSNGALWEQETARGFQWFAVFLSALFLAFYGWHAYKASVGWEEVYVCSVELIKVILEIYFEFTEPAVIYSSTGNKTVCLRYFEWLLTCPVILIHLSNLSGLSEAYNKRTMGLIVSCVGMIVFGMAAGLATDWLKWLLYIVSCIYGGYMYFQAAKCYVEANHSVPKGRCRQVVTGMAWLFFVSWGMFPGLFIFGPEGMHTLSVAGSTIGHTIADLLSKNIWGLLGHYLRVLIHEHILIHGDIRKTTKMEIGGEEVEVEEFVEEE,0.642857142857,0.700680272109,0.622448979592
83,n34,0.000785195,0.00028369,2.191939427,1.299436175,20,70,2002111120,1,RMLFQTSYTLENNGSVICIPNNGQCFCLAWLKSNGALWEQETARGFQWFAVFLSALFLAFYGWHAYKASVGWEEVYVCSVELIKVILEIYFEFTEPAVIYSSTGNKTVWLRYAEWLLTCPVILIHLSNLTGLKNDYSKRTMALLVSDIGTIVWGTTAALATDWLKWLLYIVSCIYGTQTFYNAGIIYVEAYHTVPKGRCRQVVTGMAWLFFVSWGMFPILWAVGPEGLLKLSVAGSTIGHTIADLLSKNIWGLLGHYLRVLIHEHILIHGDIRKTTKLNIGGTEIEVETLVEDE,0.578231292517,0.761904761905,0.639455782313
84,n35,,,,,29,72,2220201020,-1,RMLFQTSYTLENNGSVICIPNNGQCFCLAWLKSNGTPGEKIGAQVCQWIAFSIAIALLTFYGFSAWKATCGWEEVYVCCVEVLFVTLEIFKEFSEPAVIYSSTGNKTVWLRYAEWLLSCPVILIRLSNLSGLSEAYNKRTMALLVSDLGTICMGVTAALATDWLKWLLYIVSCIYGTQTFYNAGIIYVEANHSVPAGGCKKLVLAMTAVYYSSWLSYPILWAVGPEGLLKLSPYANSIGHSICDIIAKEFWTFLAHFLRIKIHEHILIHGDIRKTTKMEIGGEEVEVEEFVEEE,0.755102040816,0.608843537415,0.557823129252
85,n36,0.001281594,7.46e-06,1.730530431,0.480172078,1,5,1000000000,1,EYHAPAGYQVNPPYHPVHGYE---EQCSSIYIYYGALWEQETARGFQWFAVFLSALFLAFYGWHAYKASVGWEEVYVCSVELIKVILEIYFEFTSPAMLFLYGGNITPWLRYAEWLLTCPVILIHLSNITGLSEAYNKRTMALLVSDLGTICMGVTAALATGWVKWLFYCIGLVYGTQTFYNAGIIYVESYYIMPAGGCKKLVLAMTAVYYSSWLMFPILFILGPEGFGVLSVAGSTIGHTIADLLSKNIWGLLGHFLRIKIHEHIIMYGDIRRPVSSQFLGRKVDVLAFVTEE,0.455782312925,0.503401360544,0.982993197279
86,n37,0.000628415,0.000115109,1.512234947,1.092143358,6,19,0100000000,1,EYHAPAGYQVNPPYHPVHGYE---EQCSSIYIYYGTNAEKLAANILQWITVALSALCLMFYGWHAYKASVGWEEVYVCSVELIKVILEIYFEFTSPAMLFLYGGNITPWLRYAEWLLTCPVILIHLSNITGLSEAYNKRTMALLVSDLGTICMGVTAALATGWVKWLFYCIGLVYGTQTFYNAGIIYVESYYIMPAGGCKKLVLAMTAVYYSSWLMFPGLFIFGPEGMHTLSVYGSTVGHTIIDLMSKNCWGLLGHFLRIKIHEHIIMYGDIRRPVSSQFLGRKVDVLAFVTEE,0.459183673469,0.551020408163,0.93537414966
87,n38,0.00064941,0.0,2.839397764,0.0,4,19,0010000000,1,EYHAPAGYQVNPPYHPVHGYE---EQCSSIYIYYGALWEQETARGFQWFAFFLSALFLAFYGYQTWKSTCGWEEIYVATIEMIKFIIEYFHEFDSPAMLFLYGGNITPWLRYAEWLLTCPVILIHLSNITGLSEAYNKRTMALLVSDLGTICMGVTAALATGWVKWLFYCIGLVYGTQTFYNAGIIYVESYYIMPAGGCKKLVLAMTAVYYSSWLMFPGLFIFGPEGMHTLSVAGSTIGHTIADLLSKNIWGLLGHFLRIKIHEHIIMYGDIRRPVSSQFLGRKVDVLAFVTEE,0.442176870748,0.551020408163,0.93537414966
88,n40,0.001286421,3.07e-05,2.507774503,0.475521465,5,25,0000100000,1,EYHAPAGYQVNPPYHPVHGYE---EQCSSIYIYYGALWEQETARGFQWFAVFLSALFLAFYGWHAYKASVGWEEVYVCSVELIKVILEIYFEFTSPAMLFLYGGNITPWLRYAEWLLTCPVILIHLSNLTGLSEAYNKRTMALLVSDLGTICMGVTAALATGWVKWLFYCIGLVYGTQTFYNAGIIYVEAYHTVPAGGCKKLVLAMTAVYYSSWLMFPGLFIFGPEGMHTLSVAGSTIGHTIADLLSKNIWGLLGHFLRIKIHEHILIHGDIRKTTKLNIGGTEIEVETLVEDE,0.5,0.571428571429,0.914965986395
89,n41,0.000590248,3.38e-05,2.991502078,1.375310185,8,17,0000010000,1,EYHAPAGYQVNPPYHPVHGYE---EQCSSIYIYYGALWEQETARGFQWFAVFLSALFLAFYGWHAYKASVGWEEVYVCSVELIKVILEIYFEFTSPAMLFLYGGNITPWLRYAEWLLTCPVILIHLSNITGLSEAYNKRTMALLVSDLGTICMGVTAALATGWVKWLFYCIGLVYGTQTFYNAGIIYVESYYIMPKGRCRQVVTGMAWLFFVSWGMFPGLFIFGPEGMHTLSVAGSTIGHTIADLLSKNIWGLLGHYLRVLIHEHIIMYGDIRRPVSSQFLGRKVDVLAFVTEE,0.462585034014,0.544217687075,0.942176870748
90,n42,0.000608776,6.95e-05,3.01501915,1.289460137,2,4,0000000100,1,EYHAPAGYQVNPPYHPVHGYE---EQCSSIYIYYGALWEQETARGFQWFAVFLSALFLAFYGWHAYKASVGWEEVYVCSVELIKVILEIYFEFTSPAMLFLYGGNITPWLRYAEWLLTCPVILIHLSNITGLSEAYNKRTMALLVSDIGTIVWGTTAALATGWVKWLFYCIGLVYGTQTFYNAGIIYVESYYIMPAGGCKKLVLAMTAVYYSSWLMFPGLFIFGPEGMHTLSVAGSTIGHTIADLLSKNIWGLLGHFLRIKIHEHIIMYGDIRRPVSSQFLGRKVDVLAFVTEE,0.455782312925,0.5,0.986394557823
91,n43,0.000754979,2.27e-06,2.510080794,0.562170297,6,11,0000000010,1,EYHAPAGYQVNPPYHPVHGYE---EQCSSIYIYYGALWEQETARGFQWFAVFLSALFLAFYGWHAYKASVGWEEVYVCSVELIKVILEIYFEFTSPAMLFLYNGNITPWLRYAEWLLTCPVILIHLSNITGLSEAYNKRTMALLVSDLGTICMGVTAALSKGYVRVIFFLMGLCYGTQTFYNAGIIYVESYYIMPAGGCKKLVLAMTAVYYSSWLMFPGLFIFGPEGMHTLSVAGSTIGHTIADLLSKNIWGLLGHFLRIKIHEHIIMYGDIRRPVSSQFLGRKVDVLAFVTEE,0.428571428571,0.52380952381,0.962585034014
92,n44,,,,,6,8,0000000001,-1,EYHAPAGYQVNPPYHPVHGYE---EQCSSIYIYYGALWEQETARGFQWFAVFLSALFLAFYGWHAYKASVGWEEVYVCSVELIKVILEIYFEFTSPAMLFLYGGNITPWLRYAEWLLTCPVILIHLSNITGLSEAYNKRTMGLLVSDLGTICMGVTAALATGWVKWLFYCIGLVYGIYTFFNAAKVYIESYYIMPAGGCKKLVLAMTAVYYSSWLMFPGLFIFGPEGMHTLSVAGSTIGHTIADLLSKNIWGLLGHFLRIKIHEHIIMYGDIRRPVSSQFLGRKVDVLAFVTEE,0.465986394558,0.513605442177,0.972789115646
93,n45,0.000545917,0.0,1.861864076,0.0,3,7,2000000000,1,EYHAPAGYQVNPPYHPVHGYE---EQCSSIYIYYGALWEQETARGFQWFAVFLSALFLAFYGWHAYKASVGWEEVYVCSVELIKVILEIYFEFTSPAMLFLYGGNITPWLRYAEWLLTCPVILIHLSNITGLSEAYNKRTMALLVSDLGTICMGVTAALATGWVKWLFYCIGLVYGTQTFYNAGIIYVESYYIMPAGGCKKLVLAMTAVYYSSWLMFPILWAVGPEGLLKLSVAGSTIGHTIADLLSKNIWGLLGHFLRIKIHEHIIMYGDIRRPVSSQFLGRKVDVLAFVTEE,0.47619047619,0.482993197279,0.97619047619
94,n46,0.000700845,0.00018832,1.08200146,0.001582316,21,35,0200000000,1,EYHAPAGYQVNPPYHPVHGYE---EQCSSIYIYYGTPGEKIGAQVCQWIAVSIAIALLTFYGWHAYKASVGWEEVYVCSVELIKVILEIYFEFTSPAMLFLYGGNITPWLRYAEWLLTCPVILIRLSNITGLSEAYNKRTMALLVSDLGTICMGVTAALATGWVKWLFYCIGLVYGTQTFYNAGIIYVESYYIMPAGGCKKLVLAMTAVYYSSWLSYPGLFIFGPEGMHTLSPYANSIGHSICDIIAKEFWTFLAHFLRIKIHEHIIMYGDIRRPVSSQFLGRKVDVLAFVTEE,0.571428571429,0.438775510204,0.880952380952
95,n47,0.000640773,0.000128214,0.887233521,0.620051254,5,15,0020000000,1,EYHAPAGYQVNPPYHPVHGYE---EQCSSIYIYYGALWEQETARGFQWFAFFLSALFLAFYGFSAWKATCGWEEVYVCCVEVLFVTLEIFKEFSSPAMLFLYGGNITPWLRYAEWLLSCPVILIHLSNITGLSEAYNKRTMALLVSDLGTICMGVTAALATGWVKWLFYCIGLVYGTQTFYNAGIIYVESYYIMPAGGCKKLVLAMTAVYYSSWLMFPGLFIFGPEGMHTLSVAGSTIGHTIADLLSKNIWGLLGHFLRIKIHEHIIMYGDIRRPVSSQFLGRKVDVLAFVTEE,0.503401360544,0.489795918367,0.948979591837
96,n48,0.001108939,0.00015338,1.476638748,0.955608137,1,4,0002000000,1,EYHAPAGYQVNPPYHPVHGYE---EQCSSIYIYYGALWEQETARGFQWFAVFLSALFLAFYGWHAYKASVGWEEVYVCSVELIKVILEIYFEFTSPAMLFLYGGNITPWLRYAEWLLTCPVILIHLSNITGLKNDYSKRTMALLVSDLGTICMGVTAALATGWVKWLFYCIGLVYGTQTFYNAGIIYVESYYIMPAGGCKKLVLAMTAVYYSSWLMFPGLFIFGPEGMHTLSVAGSTIGHTIADLLSKNIWGLLGHFLRIKIHEHIIMYGDIRRPVSSQFLGRKVDVLAFVTEE,0.465986394558,0.489795918367,0.986394557823
97,n49,0.000716815,7.29e-05,0.302222345,0.175952796,8,24,0000200000,1,EYHAPAGYQVNPPYHPVHGYE---EQCSSIYIYYGALWEQETARGFQWFAVFLSALFLAFYGWHAYKASVGWEEVYVCSVELIKVILEIYFEFTSPAMLFLYGGNITPWLRYAEWLLTCPVILIHLSNLSGLSEAYNKRTMALLVSDLGTICMGVTAALATGWVKWLFYCIGLVYGTQTFYNAGIIYVEANHSVPAGGCKKLVLAMTAVYYSSWLMFPGLFIFGPEGMHTLSVAGSTIGHTIADLLSKNIWGLLGHFLRIKIHEHILIHGDIRKTTKMEIGGEEVEVEEFVEEE,0.534013605442,0.537414965986,0.918367346939
98,n50,0.000586289,0.000125607,0.769347732,0.253210968,12,14,0000020000,1,EYHAPAGYQVNPPYHPVHGYE---EQCSSIYIYYGALWEQETARGFQWFAVFLSALFLAFYGWHAYKASVGWEEVYVCSVELIKVILEIYFEFTSPAMLFLYGGNITPWLRYAEWLLTCPVILIHLSNITGLSEAYNKRTMALLVSDLGTICMGVTAALATGWVKWLFYCIGLVYGTQTFYNAGIIYVESYYIMPKGHCRMVVKLMAYAYFASWGMFPGLFIFGPEGMHTLSVAGSTIGHTIADLLSKNIWGLLGHHLRIKIHEHIIMYGDIRRPVSSQFLGRKVDVLAFVTEE,0.5,0.506802721088,0.952380952381
99,n51,0.00820276,0.0,1.148371722,0.0,10,32,0000002000,1,GFDELAKGAVVPEDHFVCGPA-DKCYCSAWLHSRGALWEQETARGFQWFAVFLSALFLAFYGWHAYKASVGWEEVYVCSVELIKVILEIYFEFTSPATVYLSGGNHAYWLRYAEWLLTCPVILIHLSNITGLSEAYNKRTMALLVSDLGTICMGVTAALATGWVKWLFYCIGLVYGTQTFYNAGIIYVESYYIMPAGGCKKLVLAMTAVYYSSWLMFPGLFIFGPEGMHTLSVAGSTIGHTIADLLSKNIWGLLGHFLRIKIHEHIIMYGDIRRPVSSQFLGRKVDVLAFVTEE,0.561224489796,0.510204081633,0.891156462585
100,n52,0.001398762,0.000403262,1.321237825,0.149481919,15,11,0000000200,1,EYHAPAGYQVNPPYHPVHGYE---EQCSSIYIYYGALWEQETARGFQWFAVFLSALFLAFYGWHAYKASVGWEEVYVCSVELIKVILEIYFEFTSPAMLFLYGGNITPCLRYFEWLLTCPVILIHLSNITGLSEAYNKRTMALIVSCVGMIVFGMAAGLATGWVKWLFYCIGLVYGTQTFYNAGIIYVESYYIMPAGGCKKLVLAMTAVYYSSWLMFPGLFIFGPEGMHTLSVAGSTIGHTIADLLSKNIWGLLGHFLRIKIHEHIIMYGDIRRPVSSQFLGRKVDVLAFVTEE,0.489795918367,0.465986394558,0.962585034014
101,n53,0.00061896,7.96e-05,0.600270055,0.004627147,9,9,0000000020,1,EYHAPAGYQVNPPYHPVHGYE---EQCSSIYIYYGALWEQETARGFQWFAVFLSALFLAFYGWHAYKASVGWEEVYVCSVELIKVILEIYFEFTSPAMLFLYTGNITPWLRYAEWLLTCPVILIHLSNITGLSEAYNKRTMALLVSDLGTICMGVTAALATDWLKWLLYIVSCIYGTQTFYNAGIIYVESYYIMPAGGCKKLVLAMTAVYYSSWLMFPGLFIFGPEGMHTLSVAGSTIGHTIADLLSKNIWGLLGHFLRIKIHEHIIMYGDIRRPVSSQFLGRKVDVLAFVTEE,0.482993197279,0.469387755102,0.969387755102
102,n56,0.001142051,0.000152042,0.663423101,0.082336358,12,35,2022222222,1,GFDELAKGAVVPEDHFVCGPA-DKCYCSAWLHSRGALWEQETARGFQWFAFFLSALFLAFYGFSAWKATCGWEEVYVCCVEVLFVTLEIFKEFSSPATVYLSTGNHAYCLRYFEWLLSCPVILIHLSNLSGLKNDYSKRTMGLIVSCVGMIVFGMAAGLATDWLKWLLYIVSCIYGGYMYFQAAKCYVEANHSVPKGHCRMVVKLMAYAYFASWGMFPILWAVGPEGLLKLSVAGSTIGHTIADLLSKNIWGLLGHHLRIKIHEHILIHGDIRKTTKMEIGGEEVEVEEFVEEE,0.880952380952,0.554421768707,0.571428571429
103,n57,0.005003899,0.000226696,1.536359525,0.825723872,8,15,2202222222,1,GFDELAKGAVVPEDHFVCGPA-DKCYCSAWLHSRGTPGEKIGAQVCQWIAVSIAIALLTFYGWHAYKASVGWEEVYVCSVELIKVILEIYFEFTSPATVYLSTGNHAYCLRYFEWLLTCPVILIRLSNLSGLKNDYSKRTMGLIVSCVGMIVFGMAAGLATDWLKWLLYIVSCIYGGYMYFQAAKCYVEANHSVPKGHCRMVVKLMAYAYFASWGSYPILWAVGPEGLLKLSPYANSIGHSICDIIAKEFWTFLAHHLRIKIHEHILIHGDIRKTTKMEIGGEEVEVEEFVEEE,0.948979591837,0.503401360544,0.503401360544
104,n59,0.003778934,3.86e-05,2.616472489,0.021748791,9,24,2222022222,1,GFDELAKGAVVPEDHFVCGPA-DKCYCSAWLHSRGTPGEKIGAQVCQWIAFSIAIALLTFYGFSAWKATCGWEEVYVCCVEVLFVTLEIFKEFSSPATVYLSTGNHAYCLRYFEWLLSCPVILIRLSNITGLKNDYSKRTMGLIVSCVGMIVFGMAAGLATDWLKWLLYIVSCIYGGYMYFQAAKCYVESYYIMPKGHCRMVVKLMAYAYFASWGSYPILWAVGPEGLLKLSPYANSIGHSICDIIAKEFWTFLAHHLRIKIHEHIIMYGDIRRPVSSQFLGRKVDVLAFVTEE,0.918367346939,0.455782312925,0.534013605442
105,n60,0.003127992,0.000115869,1.158021065,0.040121338,17,14,2222202222,1,GFDELAKGAVVPEDHFVCGPA-DKCYCSAWLHSRGTPGEKIGAQVCQWIAFSIAIALLTFYGFSAWKATCGWEEVYVCCVEVLFVTLEIFKEFSSPATVYLSTGNHAYCLRYFEWLLSCPVILIRLSNLSGLKNDYSKRTMGLIVSCVGMIVFGMAAGLATDWLKWLLYIVSCIYGGYMYFQAAKCYVEANHSVPAGGCKKLVLAMTAVYYSSWLSYPILWAVGPEGLLKLSPYANSIGHSICDIIAKEFWTFLAHFLRIKIHEHILIHGDIRKTTKMEIGGEEVEVEEFVEEE,0.952380952381,0.486394557823,0.5
106,n61,0.000877026,0.00013174,0.668166156,0.465000848,10,32,2222220222,1,EYHAPAGYQVNPPYHPVHGYE---EQCSSIYIYYGTPGEKIGAQVCQWIAFSIAIALLTFYGFSAWKATCGWEEVYVCCVEVLFVTLEIFKEFSSPAMLFLYTGNITPCLRYFEWLLSCPVILIRLSNLSGLKNDYSKRTMGLIVSCVGMIVFGMAAGLATDWLKWLLYIVSCIYGGYMYFQAAKCYVEANHSVPKGHCRMVVKLMAYAYFASWGSYPILWAVGPEGLLKLSPYANSIGHSICDIIAKEFWTFLAHHLRIKIHEHILIHGDIRKTTKMEIGGEEVEVEEFVEEE,0.891156462585,0.482993197279,0.561224489796
107,n62,0.000452635,0.0,0.126691444,0.0,14,11,2222222022,1,GFDELAKGAVVPEDHFVCGPA-DKCYCSAWLHSRGTPGEKIGAQVCQWIAFSIAIALLTFYGFSAWKATCGWEEVYVCCVEVLFVTLEIFKEFSSPATVYLSTGNHAYWLRYAEWLLSCPVILIRLSNLSGLKNDYSKRTMGLLVSDLGTICMGVTAALATDWLKWLLYIVSCIYGGYMYFQAAKCYVEANHSVPKGHCRMVVKLMAYAYFASWGSYPILWAVGPEGLLKLSPYANSIGHSICDIIAKEFWTFLAHHLRIKIHEHILIHGDIRKTTKMEIGGEEVEVEEFVEEE,0.962585034014,0.527210884354,0.489795918367
108,n63,,,,,9,9,2222222202,-1,GFDELAKGAVVPEDHFVCGPA-DKCYCSAWLHSRGTPGEKIGAQVCQWIAFSIAIALLTFYGFSAWKATCGWEEVYVCCVEVLFVTLEIFKEFSSPATVYLSGGNHAYCLRYFEWLLSCPVILIRLSNLSGLKNDYSKRTMGLIVSCVGMIVFGMAAGLATGWVKWLFYCIGLVYGGYMYFQAAKCYVEANHSVPKGHCRMVVKLMAYAYFASWGSYPILWAVGPEGLLKLSPYANSIGHSICDIIAKEFWTFLAHHLRIKIHEHILIHGDIRKTTKMEIGGEEVEVEEFVEEE,0.969387755102,0.52380952381,0.482993197279
109,n64,0.002156126,0.000246125,1.197327474,0.134296309,8,10,2222222220,1,GFDELAKGAVVPEDHFVCGPA-DKCYCSAWLHSRGTPGEKIGAQVCQWIAFSIAIALLTFYGFSAWKATCGWEEVYVCCVEVLFVTLEIFKEFSSPATVYLSTGNHAYCLRYFEWLLSCPVILIRLSNLSGLKNDYSKRTMALIVSCVGMIVFGMAAGLATDWLKWLLYIVSCIYGTQTFYNAGIIYVEANHSVPKGHCRMVVKLMAYAYFASWGSYPILWAVGPEGLLKLSPYANSIGHSICDIIAKEFWTFLAHHLRIKIHEHILIHGDIRKTTKMEIGGEEVEVEEFVEEE,0.965986394558,0.5,0.486394557823
110,n65,0.003077038,0.00262829,2.106382754,0.343236199,2,6,1222222222,1,GFDELAKGAVVPEDHFVCGPA-DKCYCSAWLHSRGTPGEKIGAQVCQWIAFSIAIALLTFYGFSAWKATCGWEEVYVCCVEVLFVTLEIFKEFSSPATVYLSTGNHAYCLRYFEWLLSCPVILIRLSNLSGLKNDYSKRTMGLIVSCVGMIVFGMAAGLATDWLKWLLYIVSCIYGGYMYFQAAKCYVEANHSVPKGHCRMVVKLMAYAYFASWGSYPILFILGPEGFGVLSPYANSIGHSICDIIAKEFWTFLAHHLRIKIHEHILIHGDIRKTTKMEIGGEEVEVEEFVEEE,0.979591836735,0.527210884354,0.459183673469
111,n68,0.004138397,0.000445301,2.591485907,0.04412325,1,2,2221222222,1,GFDELAKGAVVPEDHFVCGPA-DKCYCSAWLHSRGTPGEKIGAQVCQWIAFSIAIALLTFYGFSAWKATCGWEEVYVCCVEVLFVTLEIFKEFSSPATVYLSTGNHAYCLRYFEWLLSCPVILIRLSNLSGLANDYNKRTMGLIVSCVGMIVFGMAAGLATDWLKWLLYIVSCIYGGYMYFQAAKCYVEANHSVPKGHCRMVVKLMAYAYFASWGSYPILWAVGPEGLLKLSPYANSIGHSICDIIAKEFWTFLAHHLRIKIHEHILIHGDIRKTTKMEIGGEEVEVEEFVEEE,0.993197278912,0.513605442177,0.455782312925
112,n70,0.008125039,0.000521986,1.514475862,0.039767818,6,11,2222212222,1,GFDELAKGAVVPEDHFVCGPA-DKCYCSAWLHSRGTPGEKIGAQVCQWIAFSIAIALLTFYGFSAWKATCGWEEVYVCCVEVLFVTLEIFKEFSSPATVYLSTGNHAYCLRYFEWLLSCPVILIRLSNLSGLKNDYSKRTMGLIVSCVGMIVFGMAAGLATDWLKWLLYIVSCIYGGYMYFQAAKCYVEANHSVPKGRCRQVVTGMAWLFFVSWGSYPILWAVGPEGLLKLSPYANSIGHSICDIIAKEFWTFLAHYLRVLIHEHILIHGDIRKTTKMEIGGEEVEVEEFVEEE,0.962585034014,0.544217687075,0.442176870748
113,n72,0.011387856,0.0,1.055214236,0.0,14,16,2222222212,1,GFDELAKGAVVPEDHFVCGPA-DKCYCSAWLHSRGTPGEKIGAQVCQWIAFSIAIALLTFYGFSAWKATCGWEEVYVCCVEVLFVTLEIFKEFSSPATVYLSNGNHAYCLRYFEWLLSCPVILIRLSNLSGLKNDYSKRTMGLIVSCVGMIVFGMAAGLSKGYVRVIFFLMGLCYGGYMYFQAAKCYVEANHSVPKGHCRMVVKLMAYAYFASWGSYPILWAVGPEGLLKLSPYANSIGHSICDIIAKEFWTFLAHHLRIKIHEHILIHGDIRKTTKMEIGGEEVEVEEFVEEE,0.945578231293,0.561224489796,0.445578231293
114,n75,,,,,43,103,0212100211,-1,EYHAPAGYQVNPPYHPVHGYE---EQCSSIYIYYGTPGEKIGAQVCQWIAFSIAIALLTFYGYQTWKSTCGWEEIYVATIEMIKFIIEYFHEFDSPAMLFLYNGNITPCLRYFEWLLTCPVILIRLSNLTGLKNDYSKRTMGLIVSCVGMIVFGMAAGLSKGYVRVIFFLMGLCYGIYTFFNAAKVYIEAYHTVPAGGCKKLVLAMTAVYYSSWLSYPGLFIFGPEGMHTLSPYANSIGHSICDIIAKEFWTFLAHFLRIKIHEHILIHGDIRKTTKLNIGGTEIEVETLVEDE,0.649659863946,0.636054421769,0.615646258503
115,n76,0.000561941,2.62e-05,1.579785784,0.013854114,20,79,1102012111,1,GFDELAKGAVVPEDHFVCGPA-DKCYCSAWLHSRGTNAEKLAANILQWITVALSALCLMFYGWHAYKASVGWEEVYVCSVELIKVILEIYFEFTSPATVYLSNGNHAYWLRYAEWLLTCPVILIHLSNITGLKNDYSKRTMGLLVSDIGTIVWGTTAALSKGYVRVIFFLMGLCYGIYTFFNAAKVYIESYYIMPKGRCRQVVTGMAWLFFVSWGMFPILFILGPEGFGVLSVYGSTVGHTIIDLMSKNCWGLLGHYLRVLIHEHIIMYGDIRRPVSSQFLGRKVDVLAFVTEE,0.58843537415,0.731292517007,0.659863945578
116,n77,0.000782853,4.22e-06,1.710458148,0.181300342,16,93,2212120011,1,EYHAPAGYQVNPPYHPVHGYE---EQCSSIYIYYGTPGEKIGAQVCQWIAFSIAIALLTFYGYQTWKSTCGWEEIYVATIEMIKFIIEYFHEFDSPAMLFLYNGNITPWLRYAEWLLTCPVILIRLSNLTGLKNDYSKRTMGLLVSDLGTICMGVTAALSKGYVRVIFFLMGLCYGIYTFFNAAKVYIEAYHTVPKGHCRMVVKLMAYAYFASWGSYPILWAVGPEGLLKLSPYANSIGHSICDIIAKEFWTFLAHHLRIKIHEHILIHGDIRKTTKLNIGGTEIEVETLVEDE,0.683673469388,0.673469387755,0.581632653061
117,n78,,,,,28,105,2212100110,-1,EYHAPAGYQVNPPYHPVHGYE---EQCSSIYIYYGTPGEKIGAQVCQWIAFSIAIALLTFYGYQTWKSTCGWEEIYVATIEMIKFIIEYFHEFDSPAMLFLYNGNITPWLRYAEWLLTCPVILIRLSNLTGLKNDYSKRTMALLVSDIGTIVWGTTAALSKGYVRVIFFLMGLCYGTQTFYNAGIIYVEAYHTVPAGGCKKLVLAMTAVYYSSWLSYPILWAVGPEGLLKLSPYANSIGHSICDIIAKEFWTFLAHFLRIKIHEHILIHGDIRKTTKLNIGGTEIEVETLVEDE,0.625850340136,0.639455782313,0.642857142857
118,n80,0.002218783,0.000124135,0.582928443,0.085355891,17,93,1200120112,1,EYHAPAGYQVNPPYHPVHGYE---EQCSSIYIYYGTPGEKIGAQVCQWIAVSIAIALLTFYGWHAYKASVGWEEVYVCSVELIKVILEIYFEFTSPAMLFLYNGNITPWLRYAEWLLTCPVILIRLSNLTGLSEAYNKRTMGLLVSDIGTIVWGTTAALSKGYVRVIFFLMGLCYGGYMYFQAAKCYVEAYHTVPKGHCRMVVKLMAYAYFASWGSYPILFILGPEGFGVLSPYANSIGHSICDIIAKEFWTFLAHHLRIKIHEHILIHGDIRKTTKLNIGGTEIEVETLVEDE,0.683673469388,0.619047619048,0.646258503401
119,n82,0.004370587,7e-05,0.730216754,0.012367583,26,76,2112012211,1,GFDELAKGAVVPEDHFVCGPA-DKCYCSAWLHSRGTNAEKLAANILQWITFALSALCLMFYGYQTWKSTCGWEEIYVATIEMIKFIIEYFHEFDSPATVYLSNGNHAYCLRYFEWLLTCPVILIHLSNITGLKNDYSKRTMGLIVSCVGMIVFGMAAGLSKGYVRVIFFLMGLCYGIYTFFNAAKVYIESYYIMPKGRCRQVVTGMAWLFFVSWGMFPILWAVGPEGLLKLSVYGSTVGHTIIDLMSKNCWGLLGHYLRVLIHEHIIMYGDIRRPVSSQFLGRKVDVLAFVTEE,0.632653061224,0.741496598639,0.56462585034
120,n84,0.003669837,2.95e-05,0.347877799,0.130795473,30,81,1022202210,1,GFDELAKGAVVPEDHFVCGPA-DKCYCSAWLHSRGALWEQETARGFQWFAFFLSALFLAFYGFSAWKATCGWEEVYVCCVEVLFVTLEIFKEFSSPATVYLSNGNHAYCLRYFEWLLSCPVILIHLSNLSGLKNDYSKRTMALIVSCVGMIVFGMAAGLSKGYVRVIFFLMGLCYGTQTFYNAGIIYVEANHSVPAGGCKKLVLAMTAVYYSSWLMFPILFILGPEGFGVLSVAGSTIGHTIADLLSKNIWGLLGHFLRIKIHEHILIHGDIRKTTKMEIGGEEVEVEEFVEEE,0.724489795918,0.602040816327,0.65306122449
121,n86,0.000635594,3.89e-05,0.953592764,0.161659169,23,99,0200210111,1,EYHAPAGYQVNPPYHPVHGYE---EQCSSIYIYYGTPGEKIGAQVCQWIAVSIAIALLTFYGWHAYKASVGWEEVYVCSVELIKVILEIYFEFTSPAMLFLYNGNITPWLRYAEWLLTCPVILIRLSNLSGLSEAYNKRTMGLLVSDIGTIVWGTTAALSKGYVRVIFFLMGLCYGIYTFFNAAKVYIEANHSVPKGRCRQVVTGMAWLFFVSWGSYPGLFIFGPEGMHTLSPYANSIGHSICDIIAKEFWTFLAHYLRVLIHEHILIHGDIRKTTKMEIGGEEVEVEEFVEEE,0.656462585034,0.625850340136,0.663265306122
122,n88,0.000620488,6.83e-05,0.246810911,0.101355388,29,86,2011212120,1,GFDELAKGAVVPEDHFVCGPA-DKCYCSAWLHSRGALWEQETARGFQWFAFFLSALFLAFYGYQTWKSTCGWEEIYVATIEMIKFIIEYFHEFDSPATVYLSTGNHAYWLRYAEWLLTCPVILIHLSNLSGLANDYNKRTMALLVSDIGTIVWGTTAALATDWLKWLLYIVSCIYGTQTFYNAGIIYVEANHSVPKGRCRQVVTGMAWLFFVSWGMFPILWAVGPEGLLKLSVAGSTIGHTIADLLSKNIWGLLGHYLRVLIHEHILIHGDIRKTTKMEIGGEEVEVEEFVEEE,0.707482993197,0.687074829932,0.608843537415
123,n89,0.00120098,9.12e-05,0.529095304,0.206589857,30,66,0200212100,1,GFDELAKGAVVPEDHFVCGPA-DKCYCSAWLHSRGTPGEKIGAQVCQWIAVSIAIALLTFYGWHAYKASVGWEEVYVCSVELIKVILEIYFEFTSPATVYLSGGNHAYWLRYAEWLLTCPVILIRLSNLSGLSEAYNKRTMALLVSDIGTIVWGTTAALATGWVKWLFYCIGLVYGTQTFYNAGIIYVEANHSVPKGRCRQVVTGMAWLFFVSWGSYPGLFIFGPEGMHTLSPYANSIGHSICDIIAKEFWTFLAHYLRVLIHEHILIHGDIRKTTKMEIGGEEVEVEEFVEEE,0.775510204082,0.585034013605,0.619047619048
124,n93,0.000582898,2.18e-05,0.70674443,0.330804886,46,85,2202010210,1,EYHAPAGYQVNPPYHPVHGYE---EQCSSIYIYYGTPGEKIGAQVCQWIAVSIAIALLTFYGWHAYKASVGWEEVYVCSVELIKVILEIYFEFTSPAMLFLYNGNITPCLRYFEWLLTCPVILIRLSNITGLKNDYSKRTMALIVSCVGMIVFGMAAGLSKGYVRVIFFLMGLCYGTQTFYNAGIIYVESYYIMPKGRCRQVVTGMAWLFFVSWGSYPILWAVGPEGLLKLSPYANSIGHSICDIIAKEFWTFLAHYLRVLIHEHIIMYGDIRRPVSSQFLGRKVDVLAFVTEE,0.632653061224,0.513605442177,0.710884353741
125,n94,0.006379482,0.000409035,1.680479019,0.057222569,17,88,1012002221,1,GFDELAKGAVVPEDHFVCGPA-DKCYCSAWLHSRGALWEQETARGFQWFAFFLSALFLAFYGYQTWKSTCGWEEIYVATIEMIKFIIEYFHEFDSPATVYLSTGNHAYCLRYFEWLLTCPVILIHLSNITGLKNDYSKRTMGLIVSCVGMIVFGMAAGLATDWLKWLLYIVSCIYGIYTFFNAAKVYIESYYIMPAGGCKKLVLAMTAVYYSSWLMFPILFILGPEGFGVLSVAGSTIGHTIADLLSKNIWGLLGHFLRIKIHEHIIMYGDIRRPVSSQFLGRKVDVLAFVTEE,0.649659863946,0.585034013605,0.700680272109
126,n95,0.000620288,4.8e-05,0.832041825,0.210856806,25,90,0101222010,1,GFDELAKGAVVPEDHFVCGPA-DKCYCSAWLHSRGTNAEKLAANILQWITVALSALCLMFYGWHAYKASVGWEEVYVCSVELIKVILEIYFEFTSPATVYLSNGNHAYWLRYAEWLLTCPVILIHLSNLSGLANDYNKRTMALLVSDLGTICMGVTAALSKGYVRVIFFLMGLCYGTQTFYNAGIIYVEANHSVPKGHCRMVVKLMAYAYFASWGMFPGLFIFGPEGMHTLSVYGSTVGHTIIDLMSKNCWGLLGHHLRIKIHEHILIHGDIRKTTKMEIGGEEVEVEEFVEEE,0.680272108844,0.69387755102,0.649659863946
127,n96,,,,,30,71,2120202002,-1,GFDELAKGAVVPEDHFVCGPA-DKCYCSAWLHSRGTNAEKLAANILQWITFALSALCLMFYGFSAWKATCGWEEVYVCCVEVLFVTLEIFKEFSSPATVYLSGGNHAYWLRYAEWLLSCPVILIHLSNLSGLSEAYNKRTMGLLVSDLGTICMGVTAALATGWVKWLFYCIGLVYGGYMYFQAAKCYVEANHSVPAGGCKKLVLAMTAVYYSSWLMFPILWAVGPEGLLKLSVYGSTVGHTIIDLMSKNCWGLLGHFLRIKIHEHILIHGDIRKTTKMEIGGEEVEVEEFVEEE,0.758503401361,0.632653061224,0.636054421769
128,n97,0.000550331,7.87e-05,2.907726872,1.837239468,42,94,2211000211,1,EYHAPAGYQVNPPYHPVHGYE---EQCSSIYIYYGTPGEKIGAQVCQWIAFSIAIALLTFYGYQTWKSTCGWEEIYVATIEMIKFIIEYFHEFDSPAMLFLYNGNITPCLRYFEWLLTCPVILIRLSNITGLANDYNKRTMGLIVSCVGMIVFGMAAGLSKGYVRVIFFLMGLCYGIYTFFNAAKVYIESYYIMPAGGCKKLVLAMTAVYYSSWLSYPILWAVGPEGLLKLSPYANSIGHSICDIIAKEFWTFLAHFLRIKIHEHIIMYGDIRRPVSSQFLGRKVDVLAFVTEE,0.619047619048,0.554421768707,0.680272108844
129,n98,,,,,36,83,0211200122,-1,EYHAPAGYQVNPPYHPVHGYE---EQCSSIYIYYGTPGEKIGAQVCQWIAFSIAIALLTFYGYQTWKSTCGWEEIYVATIEMIKFIIEYFHEFDSPAMLFLYTGNITPWLRYAEWLLTCPVILIRLSNLSGLANDYNKRTMGLLVSDIGTIVWGTTAALATDWLKWLLYIVSCIYGGYMYFQAAKCYVEANHSVPAGGCKKLVLAMTAVYYSSWLSYPGLFIFGPEGMHTLSPYANSIGHSICDIIAKEFWTFLAHFLRIKIHEHILIHGDIRKTTKMEIGGEEVEVEEFVEEE,0.71768707483,0.568027210884,0.646258503401
130,n99,,,,,19,66,2012200101,-1,EYHAPAGYQVNPPYHPVHGYE---EQCSSIYIYYGALWEQETARGFQWFAFFLSALFLAFYGYQTWKSTCGWEEIYVATIEMIKFIIEYFHEFDSPAMLFLYGGNITPWLRYAEWLLTCPVILIHLSNLSGLKNDYSKRTMGLLVSDIGTIVWGTTAALATGWVKWLFYCIGLVYGIYTFFNAAKVYIEANHSVPAGGCKKLVLAMTAVYYSSWLMFPILWAVGPEGLLKLSVAGSTIGHTIADLLSKNIWGLLGHFLRIKIHEHILIHGDIRKTTKMEIGGEEVEVEEFVEEE,0.578231292517,0.642857142857,0.775510204082
131,n100,0.000679364,2.58e-05,1.438259165,0.377915676,40,57,1201202120,1,GFDELAKGAVVPEDHFVCGPA-DKCYCSAWLHSRGTPGEKIGAQVCQWIAVSIAIALLTFYGWHAYKASVGWEEVYVCSVELIKVILEIYFEFTSPATVYLSTGNHAYWLRYAEWLLTCPVILIRLSNLSGLANDYNKRTMALLVSDIGTIVWGTTAALATDWLKWLLYIVSCIYGTQTFYNAGIIYVEANHSVPAGGCKKLVLAMTAVYYSSWLSYPILFILGPEGFGVLSPYANSIGHSICDIIAKEFWTFLAHFLRIKIHEHILIHGDIRKTTKMEIGGEEVEVEEFVEEE,0.80612244898,0.537414965986,0.619047619048
132,n28,0.00080698,1.52e-05,1.225265846,0.431957219,34,57,1100101210,1,RMLFQTSYTLENNGSVICIPNNGQCFCLAWLKSNGTNAEKLAANILQWITVALSALCLMFYGWHAYKASVGWEEVYVCSVELIKVILEIYFEFTEPAVIYSSNGNKTVCLRYFEWLLTCPVILIHLSNLTGLSEAYNKRTMALIVSCVGMIVFGMAAGLSKGYVRVIFFLMGLCYGTQTFYNAGIIYVEAYHTVPAGGCKKLVLAMTAVYYSSWLMFPILFILGPEGFGVLSVYGSTVGHTIIDLMSKNCWGLLGHFLRIKIHEHILIHGDIRKTTKLNIGGTEIEVETLVEDE,0.520408163265,0.80612244898,0.622448979592
133,n73,0.000424976,7.74e-06,1.213262593,0.625113841,5,6,2222222221,1,GFDELAKGAVVPEDHFVCGPA-DKCYCSAWLHSRGTPGEKIGAQVCQWIAFSIAIALLTFYGFSAWKATCGWEEVYVCCVEVLFVTLEIFKEFSSPATVYLSTGNHAYCLRYFEWLLSCPVILIRLSNLSGLKNDYSKRTMGLIVSCVGMIVFGMAAGLATDWLKWLLYIVSCIYGIYTFFNAAKVYIEANHSVPKGHCRMVVKLMAYAYFASWGSYPILWAVGPEGLLKLSPYANSIGHSICDIIAKEFWTFLAHHLRIKIHEHILIHGDIRKTTKMEIGGEEVEVEEFVEEE,0.979591836735,0.527210884354,0.459183673469
134,n87,0.000420304,5.84e-07,1.015416678,0.064106958,36,76,0212102012,1,GFDELAKGAVVPEDHFVCGPA-DKCYCSAWLHSRGTPGEKIGAQVCQWIAFSIAIALLTFYGYQTWKSTCGWEEIYVATIEMIKFIIEYFHEFDSPATVYLSNGNHAYWLRYAEWLLTCPVILIRLSNLTGLKNDYSKRTMGLLVSDLGTICMGVTAALSKGYVRVIFFLMGLCYGGYMYFQAAKCYVEAYHTVPAGGCKKLVLAMTAVYYSSWLSYPGLFIFGPEGMHTLSPYANSIGHSICDIIAKEFWTFLAHFLRIKIHEHILIHGDIRKTTKLNIGGTEIEVETLVEDE,0.741496598639,0.659863945578,0.537414965986
