,weight,term
0,-0.354957796638,"[(102, 'T'), ((102, 'T'), (103, 'G')), ((102, 'T'), (104, 'N')), ((102, 'T'), (158, 'L'))]"
1,-0.241296492454,"[(141, 'A'), ((137, 'K'), (141, 'A')), ((138, 'R'), (141, 'A')), ((139, 'T'), (141, 'A')), ((140, 'M'), (141, 'A')), ((141, 'A'), (142, 'L')), ((141, 'A'), (144, 'V')), ((141, 'A'), (145, 'S'))]"
2,-0.394137000473,"[((29, 'I'), (100, 'L'))]"
3,-0.330941720893,"[((33, 'Y'), (232, 'P'))]"
4,-0.511694200509,"[((33, 'Y'), (233, 'Y'))]"
5,-0.309270861875,"[((45, 'C'), (240, 'T')), ((45, 'C'), (244, 'L'))]"
6,0.617282447695,"[((48, 'F'), (50, 'V'))]"
7,-0.260328285172,"[((48, 'I'), (51, 'F'))]"
8,-0.189280538623,"[((48, 'I'), (52, 'L'))]"
9,-0.511999679192,"[((53, 'S'), (81, 'V')), ((54, 'A'), (81, 'V'))]"
10,0.222963659429,"[((79, 'I'), (117, 'T'))]"
11,0.19365992245,"[((102, 'G'), (159, 'A')), ((102, 'G'), (160, 'T'))]"
12,0.481202126338,"[((106, 'A'), (154, 'M')), ((106, 'A'), (157, 'G'))]"
13,-0.509018994946,"[((106, 'A'), (154, 'T'))]"
14,-0.245699968286,"[((106, 'A'), (157, 'A'))]"
15,-0.40832887113,"[((124, 'H'), (251, 'T')), ((124, 'H'), (254, 'A'))]"
16,0.332366104896,"[((124, 'R'), (251, 'T')), ((124, 'R'), (254, 'A'))]"
17,-0.330473058663,"[((128, 'I'), (254, 'A'))]"
18,0.156827052199,"[((128, 'I'), (254, 'G'))]"
19,0.254510292428,"[((128, 'L'), (254, 'A'))]"
20,-0.0808642859648,"[((128, 'L'), (254, 'G'))]"
21,-0.367278258021,"[((129, 'S'), (132, 'S'))]"
22,0.505784970673,"[((129, 'T'), (192, 'T'))]"
23,0.0208513570582,"[((141, 'G'), (181, 'Q'))]"
24,0.25560168239,"[((143, 'I'), (146, 'C')), ((143, 'I'), (147, 'V'))]"
25,-0.311988885703,"[((143, 'I'), (146, 'D'))]"
26,-0.471726817979,"[((143, 'I'), (147, 'I'))]"
27,0.18734958685,"[((149, 'M'), (171, 'S')), ((152, 'F'), (167, 'L')), ((152, 'F'), (170, 'V')), ((152, 'F'), (171, 'S')), ((155, 'A'), (167, 'L'))]"
28,-0.144962047307,"[((157, 'A'), (220, 'W'))]"
29,0.376386718665,"[((173, 'I'), (177, 'Y'))]"
30,0.201166942168,"[((190, 'Y'), (203, 'T'))]"
31,-0.262807460713,"[((192, 'S'), (288, 'E'))]"
32,0.60490285968,"[((199, 'K'), (288, 'A'))]"
33,-0.365510740534,"[((199, 'K'), (288, 'T'))]"
34,0.218936584011,"[((208, 'A'), (245, 'I')), ((208, 'A'), (249, 'F'))]"
35,-0.31329470428,"[((208, 'A'), (245, 'L')), ((208, 'A'), (249, 'I'))]"
36,-0.534300794731,"[((208, 'V'), (245, 'M')), ((208, 'V'), (249, 'C'))]"
37,-0.208066722385,"[((211, 'A'), (215, 'M'))]"
38,0.230590544848,"[((214, 'G'), (218, 'I'))]"
39,-0.351022027894,"[((215, 'M'), (242, 'C')), ((216, 'F'), (242, 'C')), ((216, 'F'), (246, 'A'))]"
40,-0.530377434037,"[((252, 'L'), (256, 'H')), ((254, 'G'), (256, 'H'))]"
